dataset,root,app,workload,sample_index,metric,unit,baseline,post,ratio_post_over_baseline,bpf_stats,samples,workload_seconds,generated_at
full6_stats_on_prefix,corpus/results/x86_kvm_corpus_20260525_035337_555709,bcc/set,stress_ng_bcc_hook_hot,0,workload:stress:cap:ops_s,ops/s,301431.79,301769.77,1.0011212486911218,True,3,30.0,2026-05-25T04:21:56.848145+00:00
full6_stats_on_prefix,corpus/results/x86_kvm_corpus_20260525_035337_555709,bcc/set,stress_ng_bcc_hook_hot,0,workload:stress:cap:ops_total_per_s,ops/s,301431.8,301769.76666666666,1.0011212044205908,True,3,30.0,2026-05-25T04:21:56.848145+00:00
full6_stats_on_prefix,corpus/results/x86_kvm_corpus_20260525_035337_555709,bcc/set,stress_ng_bcc_hook_hot,0,workload:stress:set:ops_s,ops/s,22819.71,22881.84,1.0027226463438843,True,3,30.0,2026-05-25T04:21:56.848145+00:00
full6_stats_on_prefix,corpus/results/x86_kvm_corpus_20260525_035337_555709,bcc/set,stress_ng_bcc_hook_hot,0,workload:stress:set:ops_total_per_s,ops/s,22819.733333333334,22881.866666666665,1.002722789632365,True,3,30.0,2026-05-25T04:21:56.848145+00:00
full6_stats_on_prefix,corpus/results/x86_kvm_corpus_20260525_035337_555709,bcc/set,stress_ng_bcc_hook_hot,0,workload:stress:sockfd:ops_s,ops/s,223047.08,223996.17,1.0042551106250752,True,3,30.0,2026-05-25T04:21:56.848145+00:00
full6_stats_on_prefix,corpus/results/x86_kvm_corpus_20260525_035337_555709,bcc/set,stress_ng_bcc_hook_hot,0,workload:stress:sockfd:ops_total_per_s,ops/s,223054.33333333334,224004.36666666667,1.0042592014202818,True,3,30.0,2026-05-25T04:21:56.848145+00:00
full6_stats_on_prefix,corpus/results/x86_kvm_corpus_20260525_035337_555709,bcc/set,stress_ng_bcc_hook_hot,0,workload:stress:syscall:ops_s,ops/s,16.58,16.58,1.0,True,3,30.0,2026-05-25T04:21:56.848145+00:00
full6_stats_on_prefix,corpus/results/x86_kvm_corpus_20260525_035337_555709,bcc/set,stress_ng_bcc_hook_hot,0,workload:stress:syscall:ops_total_per_s,ops/s,16.580645161290324,16.580645161290324,1.0,True,3,30.0,2026-05-25T04:21:56.848145+00:00
full6_stats_on_prefix,corpus/results/x86_kvm_corpus_20260525_035337_555709,bcc/set,stress_ng_bcc_hook_hot,1,workload:stress:cap:ops_s,ops/s,304522.08,302936.24,0.9947923644814195,True,3,30.0,2026-05-25T04:21:56.848145+00:00
full6_stats_on_prefix,corpus/results/x86_kvm_corpus_20260525_035337_555709,bcc/set,stress_ng_bcc_hook_hot,1,workload:stress:cap:ops_total_per_s,ops/s,304522.1,302936.1666666667,0.9947920583322745,True,3,30.0,2026-05-25T04:21:56.848145+00:00
full6_stats_on_prefix,corpus/results/x86_kvm_corpus_20260525_035337_555709,bcc/set,stress_ng_bcc_hook_hot,1,workload:stress:set:ops_s,ops/s,22926.0,22862.06,0.9972110267818198,True,3,30.0,2026-05-25T04:21:56.848145+00:00
full6_stats_on_prefix,corpus/results/x86_kvm_corpus_20260525_035337_555709,bcc/set,stress_ng_bcc_hook_hot,1,workload:stress:set:ops_total_per_s,ops/s,22926.0,22862.066666666666,0.9972113175724795,True,3,30.0,2026-05-25T04:21:56.848145+00:00
full6_stats_on_prefix,corpus/results/x86_kvm_corpus_20260525_035337_555709,bcc/set,stress_ng_bcc_hook_hot,1,workload:stress:sockfd:ops_s,ops/s,223665.71,221078.77,0.9884338998588563,True,3,30.0,2026-05-25T04:21:56.848145+00:00
full6_stats_on_prefix,corpus/results/x86_kvm_corpus_20260525_035337_555709,bcc/set,stress_ng_bcc_hook_hot,1,workload:stress:sockfd:ops_total_per_s,ops/s,223670.03333333333,221082.76666666666,0.988432662936072,True,3,30.0,2026-05-25T04:21:56.848145+00:00
full6_stats_on_prefix,corpus/results/x86_kvm_corpus_20260525_035337_555709,bcc/set,stress_ng_bcc_hook_hot,1,workload:stress:syscall:ops_s,ops/s,16.58,16.58,1.0,True,3,30.0,2026-05-25T04:21:56.848145+00:00
full6_stats_on_prefix,corpus/results/x86_kvm_corpus_20260525_035337_555709,bcc/set,stress_ng_bcc_hook_hot,1,workload:stress:syscall:ops_total_per_s,ops/s,16.580645161290324,16.580645161290324,1.0,True,3,30.0,2026-05-25T04:21:56.848145+00:00
full6_stats_on_prefix,corpus/results/x86_kvm_corpus_20260525_035337_555709,bcc/set,stress_ng_bcc_hook_hot,2,workload:stress:cap:ops_s,ops/s,302450.73,301965.37,0.9983952427557374,True,3,30.0,2026-05-25T04:21:56.848145+00:00
full6_stats_on_prefix,corpus/results/x86_kvm_corpus_20260525_035337_555709,bcc/set,stress_ng_bcc_hook_hot,2,workload:stress:cap:ops_total_per_s,ops/s,302450.6666666667,301965.3,0.998395220377538,True,3,30.0,2026-05-25T04:21:56.848145+00:00
full6_stats_on_prefix,corpus/results/x86_kvm_corpus_20260525_035337_555709,bcc/set,stress_ng_bcc_hook_hot,2,workload:stress:set:ops_s,ops/s,23345.0,22856.52,0.9790756050546155,True,3,30.0,2026-05-25T04:21:56.848145+00:00
full6_stats_on_prefix,corpus/results/x86_kvm_corpus_20260525_035337_555709,bcc/set,stress_ng_bcc_hook_hot,2,workload:stress:set:ops_total_per_s,ops/s,23345.0,22856.533333333333,0.9790761761976154,True,3,30.0,2026-05-25T04:21:56.848145+00:00
full6_stats_on_prefix,corpus/results/x86_kvm_corpus_20260525_035337_555709,bcc/set,stress_ng_bcc_hook_hot,2,workload:stress:sockfd:ops_s,ops/s,225270.71,221557.58,0.9835170315750326,True,3,30.0,2026-05-25T04:21:56.848145+00:00
full6_stats_on_prefix,corpus/results/x86_kvm_corpus_20260525_035337_555709,bcc/set,stress_ng_bcc_hook_hot,2,workload:stress:sockfd:ops_total_per_s,ops/s,225277.43333333332,221564.43333333332,0.9835181005702154,True,3,30.0,2026-05-25T04:21:56.848145+00:00
full6_stats_on_prefix,corpus/results/x86_kvm_corpus_20260525_035337_555709,bcc/set,stress_ng_bcc_hook_hot,2,workload:stress:syscall:ops_s,ops/s,16.58,16.58,1.0,True,3,30.0,2026-05-25T04:21:56.848145+00:00
full6_stats_on_prefix,corpus/results/x86_kvm_corpus_20260525_035337_555709,bcc/set,stress_ng_bcc_hook_hot,2,workload:stress:syscall:ops_total_per_s,ops/s,16.580645161290324,16.580645161290324,1.0,True,3,30.0,2026-05-25T04:21:56.848145+00:00
full6_stats_on_prefix,corpus/results/x86_kvm_corpus_20260525_035337_555709,tracee/monitor,stress_ng_tracee_syscall_hot,0,workload:stress:cap:ops_s,ops/s,68833.49,65935.64,0.9579005800810041,True,3,30.0,2026-05-25T04:21:56.848145+00:00
full6_stats_on_prefix,corpus/results/x86_kvm_corpus_20260525_035337_555709,tracee/monitor,stress_ng_tracee_syscall_hot,0,workload:stress:cap:ops_total_per_s,ops/s,68833.5,65935.73333333334,0.9579017968479496,True,3,30.0,2026-05-25T04:21:56.848145+00:00
full6_stats_on_prefix,corpus/results/x86_kvm_corpus_20260525_035337_555709,tracee/monitor,stress_ng_tracee_syscall_hot,0,workload:stress:eventfd:ops_s,ops/s,37839.97,36548.83,0.965878937007614,True,3,30.0,2026-05-25T04:21:56.848145+00:00
full6_stats_on_prefix,corpus/results/x86_kvm_corpus_20260525_035337_555709,tracee/monitor,stress_ng_tracee_syscall_hot,0,workload:stress:eventfd:ops_total_per_s,ops/s,37840.23333333333,36549.36666666667,0.9658863978111483,True,3,30.0,2026-05-25T04:21:56.848145+00:00
full6_stats_on_prefix,corpus/results/x86_kvm_corpus_20260525_035337_555709,tracee/monitor,stress_ng_tracee_syscall_hot,0,workload:stress:futex:ops_s,ops/s,79304.73,84101.27,1.0604823949340727,True,3,30.0,2026-05-25T04:21:56.848145+00:00
full6_stats_on_prefix,corpus/results/x86_kvm_corpus_20260525_035337_555709,tracee/monitor,stress_ng_tracee_syscall_hot,0,workload:stress:futex:ops_total_per_s,ops/s,79305.26666666666,84101.83333333333,1.0604823218970745,True,3,30.0,2026-05-25T04:21:56.848145+00:00
full6_stats_on_prefix,corpus/results/x86_kvm_corpus_20260525_035337_555709,tracee/monitor,stress_ng_tracee_syscall_hot,0,workload:stress:kill:ops_s,ops/s,30638.86,28287.44,0.923253671970824,True,3,30.0,2026-05-25T04:21:56.848145+00:00
full6_stats_on_prefix,corpus/results/x86_kvm_corpus_20260525_035337_555709,tracee/monitor,stress_ng_tracee_syscall_hot,0,workload:stress:kill:ops_total_per_s,ops/s,30639.1,28287.966666666667,0.9232636293711848,True,3,30.0,2026-05-25T04:21:56.848145+00:00
full6_stats_on_prefix,corpus/results/x86_kvm_corpus_20260525_035337_555709,tracee/monitor,stress_ng_tracee_syscall_hot,0,workload:stress:prctl:ops_s,ops/s,363.03,299.23,0.8242569484615597,True,3,30.0,2026-05-25T04:21:56.848145+00:00
full6_stats_on_prefix,corpus/results/x86_kvm_corpus_20260525_035337_555709,tracee/monitor,stress_ng_tracee_syscall_hot,0,workload:stress:prctl:ops_total_per_s,ops/s,363.03333333333336,299.23333333333335,0.8242585621155082,True,3,30.0,2026-05-25T04:21:56.848145+00:00
full6_stats_on_prefix,corpus/results/x86_kvm_corpus_20260525_035337_555709,tracee/monitor,stress_ng_tracee_syscall_hot,0,workload:stress:set:ops_s,ops/s,5530.3,5285.3,0.9556986058622498,True,3,30.0,2026-05-25T04:21:56.848145+00:00
full6_stats_on_prefix,corpus/results/x86_kvm_corpus_20260525_035337_555709,tracee/monitor,stress_ng_tracee_syscall_hot,0,workload:stress:set:ops_total_per_s,ops/s,5530.333333333333,5285.3,0.9556928455186547,True,3,30.0,2026-05-25T04:21:56.848145+00:00
full6_stats_on_prefix,corpus/results/x86_kvm_corpus_20260525_035337_555709,tracee/monitor,stress_ng_tracee_syscall_hot,0,workload:stress:sigfd:ops_s,ops/s,169138.33,161010.81,0.951947497648818,True,3,30.0,2026-05-25T04:21:56.848145+00:00
full6_stats_on_prefix,corpus/results/x86_kvm_corpus_20260525_035337_555709,tracee/monitor,stress_ng_tracee_syscall_hot,0,workload:stress:sigfd:ops_total_per_s,ops/s,169140.23333333334,161012.13333333333,0.9519446092758928,True,3,30.0,2026-05-25T04:21:56.848145+00:00
full6_stats_on_prefix,corpus/results/x86_kvm_corpus_20260525_035337_555709,tracee/monitor,stress_ng_tracee_syscall_hot,1,workload:stress:cap:ops_s,ops/s,70700.74,66646.95,0.9426626934880737,True,3,30.0,2026-05-25T04:21:56.848145+00:00
full6_stats_on_prefix,corpus/results/x86_kvm_corpus_20260525_035337_555709,tracee/monitor,stress_ng_tracee_syscall_hot,1,workload:stress:cap:ops_total_per_s,ops/s,70700.73333333334,66646.96666666666,0.9426630181110802,True,3,30.0,2026-05-25T04:21:56.848145+00:00
full6_stats_on_prefix,corpus/results/x86_kvm_corpus_20260525_035337_555709,tracee/monitor,stress_ng_tracee_syscall_hot,1,workload:stress:eventfd:ops_s,ops/s,37164.6,36961.9,0.9945458850626673,True,3,30.0,2026-05-25T04:21:56.848145+00:00
full6_stats_on_prefix,corpus/results/x86_kvm_corpus_20260525_035337_555709,tracee/monitor,stress_ng_tracee_syscall_hot,1,workload:stress:eventfd:ops_total_per_s,ops/s,37164.566666666666,36962.166666666664,0.9945539523757844,True,3,30.0,2026-05-25T04:21:56.848145+00:00
full6_stats_on_prefix,corpus/results/x86_kvm_corpus_20260525_035337_555709,tracee/monitor,stress_ng_tracee_syscall_hot,1,workload:stress:futex:ops_s,ops/s,81369.82,83031.01,1.0204153087717287,True,3,30.0,2026-05-25T04:21:56.848145+00:00
full6_stats_on_prefix,corpus/results/x86_kvm_corpus_20260525_035337_555709,tracee/monitor,stress_ng_tracee_syscall_hot,1,workload:stress:futex:ops_total_per_s,ops/s,81371.66666666667,83031.33333333333,1.0203961247772566,True,3,30.0,2026-05-25T04:21:56.848145+00:00
full6_stats_on_prefix,corpus/results/x86_kvm_corpus_20260525_035337_555709,tracee/monitor,stress_ng_tracee_syscall_hot,1,workload:stress:kill:ops_s,ops/s,29917.36,27212.32,0.9095829311142427,True,3,30.0,2026-05-25T04:21:56.848145+00:00
full6_stats_on_prefix,corpus/results/x86_kvm_corpus_20260525_035337_555709,tracee/monitor,stress_ng_tracee_syscall_hot,1,workload:stress:kill:ops_total_per_s,ops/s,29917.7,27212.5,0.9095786106552308,True,3,30.0,2026-05-25T04:21:56.848145+00:00
full6_stats_on_prefix,corpus/results/x86_kvm_corpus_20260525_035337_555709,tracee/monitor,stress_ng_tracee_syscall_hot,1,workload:stress:prctl:ops_s,ops/s,303.86,310.89,1.023135654577766,True,3,30.0,2026-05-25T04:21:56.848145+00:00
full6_stats_on_prefix,corpus/results/x86_kvm_corpus_20260525_035337_555709,tracee/monitor,stress_ng_tracee_syscall_hot,1,workload:stress:prctl:ops_total_per_s,ops/s,303.8666666666667,310.9,1.0231461167178586,True,3,30.0,2026-05-25T04:21:56.848145+00:00
full6_stats_on_prefix,corpus/results/x86_kvm_corpus_20260525_035337_555709,tracee/monitor,stress_ng_tracee_syscall_hot,1,workload:stress:set:ops_s,ops/s,5659.12,5319.18,0.9399305899150399,True,3,30.0,2026-05-25T04:21:56.848145+00:00
full6_stats_on_prefix,corpus/results/x86_kvm_corpus_20260525_035337_555709,tracee/monitor,stress_ng_tracee_syscall_hot,1,workload:stress:set:ops_total_per_s,ops/s,5659.133333333333,5319.2,0.9399319094796612,True,3,30.0,2026-05-25T04:21:56.848145+00:00
full6_stats_on_prefix,corpus/results/x86_kvm_corpus_20260525_035337_555709,tracee/monitor,stress_ng_tracee_syscall_hot,1,workload:stress:sigfd:ops_s,ops/s,166517.62,159754.75,0.9593864601235593,True,3,30.0,2026-05-25T04:21:56.848145+00:00
full6_stats_on_prefix,corpus/results/x86_kvm_corpus_20260525_035337_555709,tracee/monitor,stress_ng_tracee_syscall_hot,1,workload:stress:sigfd:ops_total_per_s,ops/s,166516.26666666666,159755.86666666667,0.9594009634293987,True,3,30.0,2026-05-25T04:21:56.848145+00:00
full6_stats_on_prefix,corpus/results/x86_kvm_corpus_20260525_035337_555709,tracee/monitor,stress_ng_tracee_syscall_hot,2,workload:stress:cap:ops_s,ops/s,68171.94,64855.49,0.9513516851654801,True,3,30.0,2026-05-25T04:21:56.848145+00:00
full6_stats_on_prefix,corpus/results/x86_kvm_corpus_20260525_035337_555709,tracee/monitor,stress_ng_tracee_syscall_hot,2,workload:stress:cap:ops_total_per_s,ops/s,68171.9,64855.566666666666,0.9513533679810402,True,3,30.0,2026-05-25T04:21:56.848145+00:00
full6_stats_on_prefix,corpus/results/x86_kvm_corpus_20260525_035337_555709,tracee/monitor,stress_ng_tracee_syscall_hot,2,workload:stress:eventfd:ops_s,ops/s,39024.55,34687.82,0.8888717486812787,True,3,30.0,2026-05-25T04:21:56.848145+00:00
full6_stats_on_prefix,corpus/results/x86_kvm_corpus_20260525_035337_555709,tracee/monitor,stress_ng_tracee_syscall_hot,2,workload:stress:eventfd:ops_total_per_s,ops/s,39024.86666666667,34688.1,0.8888717108578632,True,3,30.0,2026-05-25T04:21:56.848145+00:00
full6_stats_on_prefix,corpus/results/x86_kvm_corpus_20260525_035337_555709,tracee/monitor,stress_ng_tracee_syscall_hot,2,workload:stress:futex:ops_s,ops/s,83016.62,82809.98,0.9975108598736012,True,3,30.0,2026-05-25T04:21:56.848145+00:00
full6_stats_on_prefix,corpus/results/x86_kvm_corpus_20260525_035337_555709,tracee/monitor,stress_ng_tracee_syscall_hot,2,workload:stress:futex:ops_total_per_s,ops/s,83017.33333333333,82810.4,0.9975073478630968,True,3,30.0,2026-05-25T04:21:56.848145+00:00
full6_stats_on_prefix,corpus/results/x86_kvm_corpus_20260525_035337_555709,tracee/monitor,stress_ng_tracee_syscall_hot,2,workload:stress:kill:ops_s,ops/s,28899.83,30034.67,1.0392680510577397,True,3,30.0,2026-05-25T04:21:56.848145+00:00
full6_stats_on_prefix,corpus/results/x86_kvm_corpus_20260525_035337_555709,tracee/monitor,stress_ng_tracee_syscall_hot,2,workload:stress:kill:ops_total_per_s,ops/s,28900.133333333335,30035.4,1.0392824023879936,True,3,30.0,2026-05-25T04:21:56.848145+00:00
full6_stats_on_prefix,corpus/results/x86_kvm_corpus_20260525_035337_555709,tracee/monitor,stress_ng_tracee_syscall_hot,2,workload:stress:prctl:ops_s,ops/s,296.26,309.83,1.0458043610342267,True,3,30.0,2026-05-25T04:21:56.848145+00:00
full6_stats_on_prefix,corpus/results/x86_kvm_corpus_20260525_035337_555709,tracee/monitor,stress_ng_tracee_syscall_hot,2,workload:stress:prctl:ops_total_per_s,ops/s,296.26666666666665,309.8333333333333,1.0457920792079207,True,3,30.0,2026-05-25T04:21:56.848145+00:00
full6_stats_on_prefix,corpus/results/x86_kvm_corpus_20260525_035337_555709,tracee/monitor,stress_ng_tracee_syscall_hot,2,workload:stress:set:ops_s,ops/s,5673.79,5203.53,0.91711712981975,True,3,30.0,2026-05-25T04:21:56.848145+00:00
full6_stats_on_prefix,corpus/results/x86_kvm_corpus_20260525_035337_555709,tracee/monitor,stress_ng_tracee_syscall_hot,2,workload:stress:set:ops_total_per_s,ops/s,5673.8,5203.533333333334,0.9171161009082685,True,3,30.0,2026-05-25T04:21:56.848145+00:00
full6_stats_on_prefix,corpus/results/x86_kvm_corpus_20260525_035337_555709,tracee/monitor,stress_ng_tracee_syscall_hot,2,workload:stress:sigfd:ops_s,ops/s,172117.73,165441.01,0.9612084124046953,True,3,30.0,2026-05-25T04:21:56.848145+00:00
full6_stats_on_prefix,corpus/results/x86_kvm_corpus_20260525_035337_555709,tracee/monitor,stress_ng_tracee_syscall_hot,2,workload:stress:sigfd:ops_total_per_s,ops/s,172119.73333333334,165442.13333333333,0.9612037511871581,True,3,30.0,2026-05-25T04:21:56.848145+00:00
full6_stats_on_prefix,corpus/results/x86_kvm_corpus_20260525_035337_555709,tetragon/observer,stress_ng_tetragon_policy_hot,0,workload:stress:eventfd:ops_s,ops/s,63339.73,11387.89,0.17979063061999156,True,3,30.0,2026-05-25T04:21:56.848145+00:00
full6_stats_on_prefix,corpus/results/x86_kvm_corpus_20260525_035337_555709,tetragon/observer,stress_ng_tetragon_policy_hot,0,workload:stress:eventfd:ops_total_per_s,ops/s,63340.4,11388.0,0.1797904654849038,True,3,30.0,2026-05-25T04:21:56.848145+00:00
full6_stats_on_prefix,corpus/results/x86_kvm_corpus_20260525_035337_555709,tetragon/observer,stress_ng_tetragon_policy_hot,0,workload:stress:mmap:ops_s,ops/s,25.4,21.93,0.8633858267716535,True,3,30.0,2026-05-25T04:21:56.848145+00:00
full6_stats_on_prefix,corpus/results/x86_kvm_corpus_20260525_035337_555709,tetragon/observer,stress_ng_tetragon_policy_hot,0,workload:stress:mmap:ops_total_per_s,ops/s,25.4,21.933333333333334,0.8635170603674541,True,3,30.0,2026-05-25T04:21:56.848145+00:00
full6_stats_on_prefix,corpus/results/x86_kvm_corpus_20260525_035337_555709,tetragon/observer,stress_ng_tetragon_policy_hot,0,workload:stress:sock:ops_s,ops/s,343.31,225.25,0.6561125513384405,True,3,30.0,2026-05-25T04:21:56.848145+00:00
full6_stats_on_prefix,corpus/results/x86_kvm_corpus_20260525_035337_555709,tetragon/observer,stress_ng_tetragon_policy_hot,0,workload:stress:sock:ops_total_per_s,ops/s,343.3666666666667,225.26666666666668,0.6560528104067567,True,3,30.0,2026-05-25T04:21:56.848145+00:00
full6_stats_on_prefix,corpus/results/x86_kvm_corpus_20260525_035337_555709,tetragon/observer,stress_ng_tetragon_policy_hot,0,workload:stress:sockfd:ops_s,ops/s,124516.89,22471.45,0.1804690913819001,True,3,30.0,2026-05-25T04:21:56.848145+00:00
full6_stats_on_prefix,corpus/results/x86_kvm_corpus_20260525_035337_555709,tetragon/observer,stress_ng_tetragon_policy_hot,0,workload:stress:sockfd:ops_total_per_s,ops/s,124531.83333333333,22468.17727424192,0.18042115556189986,True,3,30.0,2026-05-25T04:21:56.848145+00:00
full6_stats_on_prefix,corpus/results/x86_kvm_corpus_20260525_035337_555709,tetragon/observer,stress_ng_tetragon_policy_hot,0,workload:stress:sockpair:ops_s,ops/s,39277.98,11973.23,0.30483314060448113,True,3,30.0,2026-05-25T04:21:56.848145+00:00
full6_stats_on_prefix,corpus/results/x86_kvm_corpus_20260525_035337_555709,tetragon/observer,stress_ng_tetragon_policy_hot,0,workload:stress:sockpair:ops_total_per_s,ops/s,39273.00266311585,11972.651842017924,0.30485705268628005,True,3,30.0,2026-05-25T04:21:56.848145+00:00
full6_stats_on_prefix,corpus/results/x86_kvm_corpus_20260525_035337_555709,tetragon/observer,stress_ng_tetragon_policy_hot,0,workload:stress:udp:ops_s,ops/s,112615.4,36571.56,0.3247474146519925,True,3,30.0,2026-05-25T04:21:56.848145+00:00
full6_stats_on_prefix,corpus/results/x86_kvm_corpus_20260525_035337_555709,tetragon/observer,stress_ng_tetragon_policy_hot,0,workload:stress:udp:ops_total_per_s,ops/s,112620.1,36572.0,0.32473776883522565,True,3,30.0,2026-05-25T04:21:56.848145+00:00
full6_stats_on_prefix,corpus/results/x86_kvm_corpus_20260525_035337_555709,tetragon/observer,stress_ng_tetragon_policy_hot,1,workload:stress:eventfd:ops_s,ops/s,66893.71,11681.55,0.17462852635920476,True,3,30.0,2026-05-25T04:21:56.848145+00:00
full6_stats_on_prefix,corpus/results/x86_kvm_corpus_20260525_035337_555709,tetragon/observer,stress_ng_tetragon_policy_hot,1,workload:stress:eventfd:ops_total_per_s,ops/s,66894.23333333334,11681.666666666666,0.17462890423539246,True,3,30.0,2026-05-25T04:21:56.848145+00:00
full6_stats_on_prefix,corpus/results/x86_kvm_corpus_20260525_035337_555709,tetragon/observer,stress_ng_tetragon_policy_hot,1,workload:stress:mmap:ops_s,ops/s,26.13,20.23,0.7742058936088787,True,3,30.0,2026-05-25T04:21:56.848145+00:00
full6_stats_on_prefix,corpus/results/x86_kvm_corpus_20260525_035337_555709,tetragon/observer,stress_ng_tetragon_policy_hot,1,workload:stress:mmap:ops_total_per_s,ops/s,26.133333333333333,20.226591136287905,0.7739767016436698,True,3,30.0,2026-05-25T04:21:56.848145+00:00
full6_stats_on_prefix,corpus/results/x86_kvm_corpus_20260525_035337_555709,tetragon/observer,stress_ng_tetragon_policy_hot,1,workload:stress:sock:ops_s,ops/s,331.41,245.74,0.7414984460336139,True,3,30.0,2026-05-25T04:21:56.848145+00:00
full6_stats_on_prefix,corpus/results/x86_kvm_corpus_20260525_035337_555709,tetragon/observer,stress_ng_tetragon_policy_hot,1,workload:stress:sock:ops_total_per_s,ops/s,331.43333333333334,245.76666666666668,0.7415267022025546,True,3,30.0,2026-05-25T04:21:56.848145+00:00
full6_stats_on_prefix,corpus/results/x86_kvm_corpus_20260525_035337_555709,tetragon/observer,stress_ng_tetragon_policy_hot,1,workload:stress:sockfd:ops_s,ops/s,120710.7,21626.75,0.17916183072420258,True,3,30.0,2026-05-25T04:21:56.848145+00:00
full6_stats_on_prefix,corpus/results/x86_kvm_corpus_20260525_035337_555709,tetragon/observer,stress_ng_tetragon_policy_hot,1,workload:stress:sockfd:ops_total_per_s,ops/s,120713.46666666666,21627.066666666666,0.17916034775462777,True,3,30.0,2026-05-25T04:21:56.848145+00:00
full6_stats_on_prefix,corpus/results/x86_kvm_corpus_20260525_035337_555709,tetragon/observer,stress_ng_tetragon_policy_hot,1,workload:stress:sockpair:ops_s,ops/s,39690.21,11698.92,0.2947558100599619,True,3,30.0,2026-05-25T04:21:56.848145+00:00
full6_stats_on_prefix,corpus/results/x86_kvm_corpus_20260525_035337_555709,tetragon/observer,stress_ng_tetragon_policy_hot,1,workload:stress:sockpair:ops_total_per_s,ops/s,39694.403730846105,11699.402588781946,0.29473682658420847,True,3,30.0,2026-05-25T04:21:56.848145+00:00
full6_stats_on_prefix,corpus/results/x86_kvm_corpus_20260525_035337_555709,tetragon/observer,stress_ng_tetragon_policy_hot,1,workload:stress:udp:ops_s,ops/s,106264.33,35327.39,0.3324482448625988,True,3,30.0,2026-05-25T04:21:56.848145+00:00
full6_stats_on_prefix,corpus/results/x86_kvm_corpus_20260525_035337_555709,tetragon/observer,stress_ng_tetragon_policy_hot,1,workload:stress:udp:ops_total_per_s,ops/s,106265.5,35328.8,0.33245785320729687,True,3,30.0,2026-05-25T04:21:56.848145+00:00
full6_stats_on_prefix,corpus/results/x86_kvm_corpus_20260525_035337_555709,tetragon/observer,stress_ng_tetragon_policy_hot,2,workload:stress:eventfd:ops_s,ops/s,62934.46,11177.37,0.17760333527927308,True,3,30.0,2026-05-25T04:21:56.848145+00:00
full6_stats_on_prefix,corpus/results/x86_kvm_corpus_20260525_035337_555709,tetragon/observer,stress_ng_tetragon_policy_hot,2,workload:stress:eventfd:ops_total_per_s,ops/s,62935.0,11177.5,0.17760387701596886,True,3,30.0,2026-05-25T04:21:56.848145+00:00
full6_stats_on_prefix,corpus/results/x86_kvm_corpus_20260525_035337_555709,tetragon/observer,stress_ng_tetragon_policy_hot,2,workload:stress:mmap:ops_s,ops/s,26.37,19.96,0.7569207432688662,True,3,30.0,2026-05-25T04:21:56.848145+00:00
full6_stats_on_prefix,corpus/results/x86_kvm_corpus_20260525_035337_555709,tetragon/observer,stress_ng_tetragon_policy_hot,2,workload:stress:mmap:ops_total_per_s,ops/s,26.366666666666667,19.96001332889037,0.7570169404130355,True,3,30.0,2026-05-25T04:21:56.848145+00:00
full6_stats_on_prefix,corpus/results/x86_kvm_corpus_20260525_035337_555709,tetragon/observer,stress_ng_tetragon_policy_hot,2,workload:stress:sock:ops_s,ops/s,381.43,181.61,0.47612930288650607,True,3,30.0,2026-05-25T04:21:56.848145+00:00
full6_stats_on_prefix,corpus/results/x86_kvm_corpus_20260525_035337_555709,tetragon/observer,stress_ng_tetragon_policy_hot,2,workload:stress:sock:ops_total_per_s,ops/s,381.46666666666664,181.60613128957013,0.4760733955511276,True,3,30.0,2026-05-25T04:21:56.848145+00:00
full6_stats_on_prefix,corpus/results/x86_kvm_corpus_20260525_035337_555709,tetragon/observer,stress_ng_tetragon_policy_hot,2,workload:stress:sockfd:ops_s,ops/s,120544.5,22215.72,0.1842947625150878,True,3,30.0,2026-05-25T04:21:56.848145+00:00
full6_stats_on_prefix,corpus/results/x86_kvm_corpus_20260525_035337_555709,tetragon/observer,stress_ng_tetragon_policy_hot,2,workload:stress:sockfd:ops_total_per_s,ops/s,120551.8,22214.06197934022,0.1842698489723108,True,3,30.0,2026-05-25T04:21:56.848145+00:00
full6_stats_on_prefix,corpus/results/x86_kvm_corpus_20260525_035337_555709,tetragon/observer,stress_ng_tetragon_policy_hot,2,workload:stress:sockpair:ops_s,ops/s,42066.52,8978.12,0.2134267346098513,True,3,30.0,2026-05-25T04:21:56.848145+00:00
full6_stats_on_prefix,corpus/results/x86_kvm_corpus_20260525_035337_555709,tetragon/observer,stress_ng_tetragon_policy_hot,2,workload:stress:sockpair:ops_total_per_s,ops/s,42066.74426338544,8978.777814679508,0.21344123420776742,True,3,30.0,2026-05-25T04:21:56.848145+00:00
full6_stats_on_prefix,corpus/results/x86_kvm_corpus_20260525_035337_555709,tetragon/observer,stress_ng_tetragon_policy_hot,2,workload:stress:udp:ops_s,ops/s,107371.2,36577.42,0.3406632318536069,True,3,30.0,2026-05-25T04:21:56.848145+00:00
full6_stats_on_prefix,corpus/results/x86_kvm_corpus_20260525_035337_555709,tetragon/observer,stress_ng_tetragon_policy_hot,2,workload:stress:udp:ops_total_per_s,ops/s,107381.53333333334,36577.833333333336,0.34063429900734016,True,3,30.0,2026-05-25T04:21:56.848145+00:00
full6_stats_on_prefix,corpus/results/x86_kvm_corpus_20260525_035337_555709,otelcol-ebpf-profiler/profiling,otel_mixed_workload,0,workload:otel_nodejs_int_loop_0:loop:nodejs:ops_s,ops/s,1280286.323954297,9089715.015902448,7.0997517085302615,True,3,30.0,2026-05-25T04:21:56.848145+00:00
full6_stats_on_prefix,corpus/results/x86_kvm_corpus_20260525_035337_555709,otelcol-ebpf-profiler/profiling,otel_mixed_workload,0,workload:otel_nodejs_int_loop_1:loop:nodejs:ops_s,ops/s,1428024.445688839,8696231.710416246,6.089693868105617,True,3,30.0,2026-05-25T04:21:56.848145+00:00
full6_stats_on_prefix,corpus/results/x86_kvm_corpus_20260525_035337_555709,otelcol-ebpf-profiler/profiling,otel_mixed_workload,0,workload:otel_perl_int_loop_0:loop:perl:ops_s,ops/s,2769680.774343974,4738930.442035652,1.711002396353101,True,3,30.0,2026-05-25T04:21:56.848145+00:00
full6_stats_on_prefix,corpus/results/x86_kvm_corpus_20260525_035337_555709,otelcol-ebpf-profiler/profiling,otel_mixed_workload,0,workload:otel_perl_int_loop_1:loop:perl:ops_s,ops/s,2921513.4178062007,3983258.6683408,1.363423027278744,True,3,30.0,2026-05-25T04:21:56.848145+00:00
full6_stats_on_prefix,corpus/results/x86_kvm_corpus_20260525_035337_555709,otelcol-ebpf-profiler/profiling,otel_mixed_workload,0,workload:otel_php_int_loop_0:loop:php:ops_s,ops/s,9609129.046362365,13039209.797386015,1.3569606292593337,True,3,30.0,2026-05-25T04:21:56.848145+00:00
full6_stats_on_prefix,corpus/results/x86_kvm_corpus_20260525_035337_555709,otelcol-ebpf-profiler/profiling,otel_mixed_workload,0,workload:otel_php_int_loop_1:loop:php:ops_s,ops/s,9658471.922768539,12602666.113244463,1.304830227184839,True,3,30.0,2026-05-25T04:21:56.848145+00:00
full6_stats_on_prefix,corpus/results/x86_kvm_corpus_20260525_035337_555709,otelcol-ebpf-profiler/profiling,otel_mixed_workload,0,workload:otel_python3_int_loop_0:loop:python3:ops_s,ops/s,2040113.1199622934,3186062.617049969,1.5617088022593844,True,3,30.0,2026-05-25T04:21:56.848145+00:00
full6_stats_on_prefix,corpus/results/x86_kvm_corpus_20260525_035337_555709,otelcol-ebpf-profiler/profiling,otel_mixed_workload,0,workload:otel_python3_int_loop_1:loop:python3:ops_s,ops/s,2176794.5998163936,3815127.603641146,1.7526355513574596,True,3,30.0,2026-05-25T04:21:56.848145+00:00
full6_stats_on_prefix,corpus/results/x86_kvm_corpus_20260525_035337_555709,otelcol-ebpf-profiler/profiling,otel_mixed_workload,0,workload:otel_ruby_int_loop_0:loop:ruby:ops_s,ops/s,6416931.780458347,10414388.330935277,1.62295450337348,True,3,30.0,2026-05-25T04:21:56.848145+00:00
full6_stats_on_prefix,corpus/results/x86_kvm_corpus_20260525_035337_555709,otelcol-ebpf-profiler/profiling,otel_mixed_workload,0,workload:otel_ruby_int_loop_1:loop:ruby:ops_s,ops/s,5692520.630655664,7442763.433837637,1.3074635854205732,True,3,30.0,2026-05-25T04:21:56.848145+00:00
full6_stats_on_prefix,corpus/results/x86_kvm_corpus_20260525_035337_555709,otelcol-ebpf-profiler/profiling,otel_mixed_workload,0,workload:otel_stress_ng_cpu:stress:cpu:ops_s,ops/s,838.13,1043.38,1.2448904107954615,True,3,30.0,2026-05-25T04:21:56.848145+00:00
full6_stats_on_prefix,corpus/results/x86_kvm_corpus_20260525_035337_555709,otelcol-ebpf-profiler/profiling,otel_mixed_workload,0,workload:otel_stress_ng_cpu:stress:cpu:ops_total_per_s,ops/s,838.0873042319226,1043.4,1.244977694723868,True,3,30.0,2026-05-25T04:21:56.848145+00:00
full6_stats_on_prefix,corpus/results/x86_kvm_corpus_20260525_035337_555709,otelcol-ebpf-profiler/profiling,otel_mixed_workload,1,workload:otel_nodejs_int_loop_0:loop:nodejs:ops_s,ops/s,1279354.6242608095,7968842.3693883205,6.2287986600998835,True,3,30.0,2026-05-25T04:21:56.848145+00:00
full6_stats_on_prefix,corpus/results/x86_kvm_corpus_20260525_035337_555709,otelcol-ebpf-profiler/profiling,otel_mixed_workload,1,workload:otel_nodejs_int_loop_1:loop:nodejs:ops_s,ops/s,1158888.984809795,8641062.095621992,7.456332926522919,True,3,30.0,2026-05-25T04:21:56.848145+00:00
full6_stats_on_prefix,corpus/results/x86_kvm_corpus_20260525_035337_555709,otelcol-ebpf-profiler/profiling,otel_mixed_workload,1,workload:otel_perl_int_loop_0:loop:perl:ops_s,ops/s,2663597.877880071,3987323.0004225667,1.4969688305939164,True,3,30.0,2026-05-25T04:21:56.848145+00:00
full6_stats_on_prefix,corpus/results/x86_kvm_corpus_20260525_035337_555709,otelcol-ebpf-profiler/profiling,otel_mixed_workload,1,workload:otel_perl_int_loop_1:loop:perl:ops_s,ops/s,3246945.6753054326,3768065.8077311395,1.160495488541454,True,3,30.0,2026-05-25T04:21:56.848145+00:00
full6_stats_on_prefix,corpus/results/x86_kvm_corpus_20260525_035337_555709,otelcol-ebpf-profiler/profiling,otel_mixed_workload,1,workload:otel_php_int_loop_0:loop:php:ops_s,ops/s,9264201.89736797,15342536.288582124,1.6561098795721472,True,3,30.0,2026-05-25T04:21:56.848145+00:00
full6_stats_on_prefix,corpus/results/x86_kvm_corpus_20260525_035337_555709,otelcol-ebpf-profiler/profiling,otel_mixed_workload,1,workload:otel_php_int_loop_1:loop:php:ops_s,ops/s,10421459.115708178,11900901.803303273,1.141961185201518,True,3,30.0,2026-05-25T04:21:56.848145+00:00
full6_stats_on_prefix,corpus/results/x86_kvm_corpus_20260525_035337_555709,otelcol-ebpf-profiler/profiling,otel_mixed_workload,1,workload:otel_python3_int_loop_0:loop:python3:ops_s,ops/s,2420150.043979994,4145581.332697689,1.71294393213744,True,3,30.0,2026-05-25T04:21:56.848145+00:00
full6_stats_on_prefix,corpus/results/x86_kvm_corpus_20260525_035337_555709,otelcol-ebpf-profiler/profiling,otel_mixed_workload,1,workload:otel_python3_int_loop_1:loop:python3:ops_s,ops/s,2239592.6534691155,3317746.1486010267,1.4814060688500017,True,3,30.0,2026-05-25T04:21:56.848145+00:00
full6_stats_on_prefix,corpus/results/x86_kvm_corpus_20260525_035337_555709,otelcol-ebpf-profiler/profiling,otel_mixed_workload,1,workload:otel_ruby_int_loop_0:loop:ruby:ops_s,ops/s,5241415.2379118735,8769180.76924577,1.6730559154743332,True,3,30.0,2026-05-25T04:21:56.848145+00:00
full6_stats_on_prefix,corpus/results/x86_kvm_corpus_20260525_035337_555709,otelcol-ebpf-profiler/profiling,otel_mixed_workload,1,workload:otel_ruby_int_loop_1:loop:ruby:ops_s,ops/s,6190970.317246196,9348058.707184345,1.5099504969590054,True,3,30.0,2026-05-25T04:21:56.848145+00:00
full6_stats_on_prefix,corpus/results/x86_kvm_corpus_20260525_035337_555709,otelcol-ebpf-profiler/profiling,otel_mixed_workload,1,workload:otel_stress_ng_cpu:stress:cpu:ops_s,ops/s,744.0,1112.19,1.4948790322580645,True,3,30.0,2026-05-25T04:21:56.848145+00:00
full6_stats_on_prefix,corpus/results/x86_kvm_corpus_20260525_035337_555709,otelcol-ebpf-profiler/profiling,otel_mixed_workload,1,workload:otel_stress_ng_cpu:stress:cpu:ops_total_per_s,ops/s,744.0,1112.2,1.4948924731182796,True,3,30.0,2026-05-25T04:21:56.848145+00:00
full6_stats_on_prefix,corpus/results/x86_kvm_corpus_20260525_035337_555709,otelcol-ebpf-profiler/profiling,otel_mixed_workload,2,workload:otel_nodejs_int_loop_0:loop:nodejs:ops_s,ops/s,1405281.7084854587,7849728.348622556,5.585875274134604,True,3,30.0,2026-05-25T04:21:56.848145+00:00
full6_stats_on_prefix,corpus/results/x86_kvm_corpus_20260525_035337_555709,otelcol-ebpf-profiler/profiling,otel_mixed_workload,2,workload:otel_nodejs_int_loop_1:loop:nodejs:ops_s,ops/s,1185946.8653242623,8420296.467130363,7.100062164107226,True,3,30.0,2026-05-25T04:21:56.848145+00:00
full6_stats_on_prefix,corpus/results/x86_kvm_corpus_20260525_035337_555709,otelcol-ebpf-profiler/profiling,otel_mixed_workload,2,workload:otel_perl_int_loop_0:loop:perl:ops_s,ops/s,2512033.632531091,3742326.6118295756,1.4897597561458036,True,3,30.0,2026-05-25T04:21:56.848145+00:00
full6_stats_on_prefix,corpus/results/x86_kvm_corpus_20260525_035337_555709,otelcol-ebpf-profiler/profiling,otel_mixed_workload,2,workload:otel_perl_int_loop_1:loop:perl:ops_s,ops/s,2728842.709038576,4622533.104413357,1.6939536636180705,True,3,30.0,2026-05-25T04:21:56.848145+00:00
full6_stats_on_prefix,corpus/results/x86_kvm_corpus_20260525_035337_555709,otelcol-ebpf-profiler/profiling,otel_mixed_workload,2,workload:otel_php_int_loop_0:loop:php:ops_s,ops/s,8726761.912206348,15711092.962224036,1.800334777123749,True,3,30.0,2026-05-25T04:21:56.848145+00:00
full6_stats_on_prefix,corpus/results/x86_kvm_corpus_20260525_035337_555709,otelcol-ebpf-profiler/profiling,otel_mixed_workload,2,workload:otel_php_int_loop_1:loop:php:ops_s,ops/s,10351021.354965955,13780823.676224876,1.3313491687091783,True,3,30.0,2026-05-25T04:21:56.848145+00:00
full6_stats_on_prefix,corpus/results/x86_kvm_corpus_20260525_035337_555709,otelcol-ebpf-profiler/profiling,otel_mixed_workload,2,workload:otel_python3_int_loop_0:loop:python3:ops_s,ops/s,2300853.5330488225,2761331.0984891867,1.2001333673900543,True,3,30.0,2026-05-25T04:21:56.848145+00:00
full6_stats_on_prefix,corpus/results/x86_kvm_corpus_20260525_035337_555709,otelcol-ebpf-profiler/profiling,otel_mixed_workload,2,workload:otel_python3_int_loop_1:loop:python3:ops_s,ops/s,2032174.020463725,3183412.284423391,1.5665057482119384,True,3,30.0,2026-05-25T04:21:56.848145+00:00
full6_stats_on_prefix,corpus/results/x86_kvm_corpus_20260525_035337_555709,otelcol-ebpf-profiler/profiling,otel_mixed_workload,2,workload:otel_ruby_int_loop_0:loop:ruby:ops_s,ops/s,4987288.040536777,9838195.781874599,1.972654416971618,True,3,30.0,2026-05-25T04:21:56.848145+00:00
full6_stats_on_prefix,corpus/results/x86_kvm_corpus_20260525_035337_555709,otelcol-ebpf-profiler/profiling,otel_mixed_workload,2,workload:otel_ruby_int_loop_1:loop:ruby:ops_s,ops/s,6047393.741390005,8837714.304533329,1.4614087791316799,True,3,30.0,2026-05-25T04:21:56.848145+00:00
full6_stats_on_prefix,corpus/results/x86_kvm_corpus_20260525_035337_555709,otelcol-ebpf-profiler/profiling,otel_mixed_workload,2,workload:otel_stress_ng_cpu:stress:cpu:ops_s,ops/s,812.43,1234.68,1.5197370850411729,True,3,30.0,2026-05-25T04:21:56.848145+00:00
full6_stats_on_prefix,corpus/results/x86_kvm_corpus_20260525_035337_555709,otelcol-ebpf-profiler/profiling,otel_mixed_workload,2,workload:otel_stress_ng_cpu:stress:cpu:ops_total_per_s,ops/s,812.4333333333333,1234.7666666666667,1.5198375251302672,True,3,30.0,2026-05-25T04:21:56.848145+00:00
full6_stats_on_prefix,corpus/results/x86_kvm_corpus_20260525_035337_555709,katran,xdp_pktgen,0,workload:katran_kernel_pktgen_l2_udp_thread:pktgen:pps,pps,834239.0,921497.0,1.1045959251485487,True,3,30.0,2026-05-25T04:21:56.848145+00:00
full6_stats_on_prefix,corpus/results/x86_kvm_corpus_20260525_035337_555709,katran,xdp_pktgen,1,workload:katran_kernel_pktgen_l2_udp_thread:pktgen:pps,pps,834554.0,930403.0,1.11485056688962,True,3,30.0,2026-05-25T04:21:56.848145+00:00
full6_stats_on_prefix,corpus/results/x86_kvm_corpus_20260525_035337_555709,katran,xdp_pktgen,2,workload:katran_kernel_pktgen_l2_udp_thread:pktgen:pps,pps,835742.0,918485.0,1.0990054346915674,True,3,30.0,2026-05-25T04:21:56.848145+00:00
full6_stats_on_prefix,corpus/results/x86_kvm_corpus_20260525_035337_555709,cilium/agent,cilium_endpoint_pktgen,0,workload:cilium_endpoint_pktgen_forward:pktgen:pps,pps,662919.0,1668244.0,2.516512575442852,True,3,30.0,2026-05-25T04:21:56.848145+00:00
full6_stats_on_prefix,corpus/results/x86_kvm_corpus_20260525_035337_555709,cilium/agent,cilium_endpoint_pktgen,0,workload:cilium_endpoint_pktgen_reverse:pktgen:pps,pps,662918.0,1661434.0,2.506243607806697,True,3,30.0,2026-05-25T04:21:56.848145+00:00
full6_stats_on_prefix,corpus/results/x86_kvm_corpus_20260525_035337_555709,cilium/agent,cilium_endpoint_pktgen,1,workload:cilium_endpoint_pktgen_forward:pktgen:pps,pps,666905.0,1643370.0,2.4641740577743456,True,3,30.0,2026-05-25T04:21:56.848145+00:00
full6_stats_on_prefix,corpus/results/x86_kvm_corpus_20260525_035337_555709,cilium/agent,cilium_endpoint_pktgen,1,workload:cilium_endpoint_pktgen_reverse:pktgen:pps,pps,667119.0,1661244.0,2.4901764153022174,True,3,30.0,2026-05-25T04:21:56.848145+00:00
full6_stats_on_prefix,corpus/results/x86_kvm_corpus_20260525_035337_555709,cilium/agent,cilium_endpoint_pktgen,2,workload:cilium_endpoint_pktgen_forward:pktgen:pps,pps,673181.0,1658810.0,2.46413668834979,True,3,30.0,2026-05-25T04:21:56.848145+00:00
full6_stats_on_prefix,corpus/results/x86_kvm_corpus_20260525_035337_555709,cilium/agent,cilium_endpoint_pktgen,2,workload:cilium_endpoint_pktgen_reverse:pktgen:pps,pps,673180.0,1661937.0,2.4687854659972075,True,3,30.0,2026-05-25T04:21:56.848145+00:00
full6_stats_off_prefix,corpus/results/x86_kvm_corpus_20260525_043133_695517,bcc/set,stress_ng_bcc_hook_hot,0,workload:stress:cap:ops_s,ops/s,422182.79,423288.42,1.0026188419475839,False,3,30.0,2026-05-25T04:59:47.966901+00:00
full6_stats_off_prefix,corpus/results/x86_kvm_corpus_20260525_043133_695517,bcc/set,stress_ng_bcc_hook_hot,0,workload:stress:cap:ops_total_per_s,ops/s,422182.86666666664,423288.36666666664,1.0026185335485744,False,3,30.0,2026-05-25T04:59:47.966901+00:00
full6_stats_off_prefix,corpus/results/x86_kvm_corpus_20260525_043133_695517,bcc/set,stress_ng_bcc_hook_hot,0,workload:stress:set:ops_s,ops/s,30937.51,31028.37,1.002936887939592,False,3,30.0,2026-05-25T04:59:47.966901+00:00
full6_stats_off_prefix,corpus/results/x86_kvm_corpus_20260525_043133_695517,bcc/set,stress_ng_bcc_hook_hot,0,workload:stress:set:ops_total_per_s,ops/s,30937.533333333333,31028.366666666665,1.0029360237726344,False,3,30.0,2026-05-25T04:59:47.966901+00:00
full6_stats_off_prefix,corpus/results/x86_kvm_corpus_20260525_043133_695517,bcc/set,stress_ng_bcc_hook_hot,0,workload:stress:sockfd:ops_s,ops/s,261614.28,263614.22,1.007644613283342,False,3,30.0,2026-05-25T04:59:47.966901+00:00
full6_stats_off_prefix,corpus/results/x86_kvm_corpus_20260525_043133_695517,bcc/set,stress_ng_bcc_hook_hot,0,workload:stress:sockfd:ops_total_per_s,ops/s,261616.53333333333,263622.0,1.007665672505917,False,3,30.0,2026-05-25T04:59:47.966901+00:00
full6_stats_off_prefix,corpus/results/x86_kvm_corpus_20260525_043133_695517,bcc/set,stress_ng_bcc_hook_hot,0,workload:stress:syscall:ops_s,ops/s,281.13,16.58,0.058976274321488276,False,3,30.0,2026-05-25T04:59:47.966901+00:00
full6_stats_off_prefix,corpus/results/x86_kvm_corpus_20260525_043133_695517,bcc/set,stress_ng_bcc_hook_hot,0,workload:stress:syscall:ops_total_per_s,ops/s,281.1333333333333,16.580645161290324,0.05897786991210691,False,3,30.0,2026-05-25T04:59:47.966901+00:00
full6_stats_off_prefix,corpus/results/x86_kvm_corpus_20260525_043133_695517,bcc/set,stress_ng_bcc_hook_hot,1,workload:stress:cap:ops_s,ops/s,423638.5,424165.16,1.0012431825719332,False,3,30.0,2026-05-25T04:59:47.966901+00:00
full6_stats_off_prefix,corpus/results/x86_kvm_corpus_20260525_043133_695517,bcc/set,stress_ng_bcc_hook_hot,1,workload:stress:cap:ops_total_per_s,ops/s,423638.0333333333,424165.13333333336,1.001244222563901,False,3,30.0,2026-05-25T04:59:47.966901+00:00
full6_stats_off_prefix,corpus/results/x86_kvm_corpus_20260525_043133_695517,bcc/set,stress_ng_bcc_hook_hot,1,workload:stress:set:ops_s,ops/s,30714.87,30720.74,1.000191112643485,False,3,30.0,2026-05-25T04:59:47.966901+00:00
full6_stats_off_prefix,corpus/results/x86_kvm_corpus_20260525_043133_695517,bcc/set,stress_ng_bcc_hook_hot,1,workload:stress:set:ops_total_per_s,ops/s,30714.866666666665,30720.766666666666,1.0001920893899372,False,3,30.0,2026-05-25T04:59:47.966901+00:00
full6_stats_off_prefix,corpus/results/x86_kvm_corpus_20260525_043133_695517,bcc/set,stress_ng_bcc_hook_hot,1,workload:stress:sockfd:ops_s,ops/s,262235.32,259927.76,0.9912004225822822,False,3,30.0,2026-05-25T04:59:47.966901+00:00
full6_stats_off_prefix,corpus/results/x86_kvm_corpus_20260525_043133_695517,bcc/set,stress_ng_bcc_hook_hot,1,workload:stress:sockfd:ops_total_per_s,ops/s,262242.63333333336,259933.26666666666,0.9911937786876504,False,3,30.0,2026-05-25T04:59:47.966901+00:00
full6_stats_off_prefix,corpus/results/x86_kvm_corpus_20260525_043133_695517,bcc/set,stress_ng_bcc_hook_hot,1,workload:stress:syscall:ops_s,ops/s,17.13,16.58,0.9678925861062463,False,3,30.0,2026-05-25T04:59:47.966901+00:00
full6_stats_off_prefix,corpus/results/x86_kvm_corpus_20260525_043133_695517,bcc/set,stress_ng_bcc_hook_hot,1,workload:stress:syscall:ops_total_per_s,ops/s,17.133333333333333,16.580645161290324,0.9677419354838711,False,3,30.0,2026-05-25T04:59:47.966901+00:00
full6_stats_off_prefix,corpus/results/x86_kvm_corpus_20260525_043133_695517,bcc/set,stress_ng_bcc_hook_hot,2,workload:stress:cap:ops_s,ops/s,422262.36,423474.33,1.0028701824145538,False,3,30.0,2026-05-25T04:59:47.966901+00:00
full6_stats_off_prefix,corpus/results/x86_kvm_corpus_20260525_043133_695517,bcc/set,stress_ng_bcc_hook_hot,2,workload:stress:cap:ops_total_per_s,ops/s,422262.36666666664,423474.3,1.0028700955353904,False,3,30.0,2026-05-25T04:59:47.966901+00:00
full6_stats_off_prefix,corpus/results/x86_kvm_corpus_20260525_043133_695517,bcc/set,stress_ng_bcc_hook_hot,2,workload:stress:set:ops_s,ops/s,31012.76,31281.85,1.0086767511179269,False,3,30.0,2026-05-25T04:59:47.966901+00:00
full6_stats_off_prefix,corpus/results/x86_kvm_corpus_20260525_043133_695517,bcc/set,stress_ng_bcc_hook_hot,2,workload:stress:set:ops_total_per_s,ops/s,31012.8,31281.9,1.0086770623742456,False,3,30.0,2026-05-25T04:59:47.966901+00:00
full6_stats_off_prefix,corpus/results/x86_kvm_corpus_20260525_043133_695517,bcc/set,stress_ng_bcc_hook_hot,2,workload:stress:sockfd:ops_s,ops/s,263999.51,263695.73,0.998849316046079,False,3,30.0,2026-05-25T04:59:47.966901+00:00
full6_stats_off_prefix,corpus/results/x86_kvm_corpus_20260525_043133_695517,bcc/set,stress_ng_bcc_hook_hot,2,workload:stress:sockfd:ops_total_per_s,ops/s,264005.8333333333,263702.3,0.998850277929465,False,3,30.0,2026-05-25T04:59:47.966901+00:00
full6_stats_off_prefix,corpus/results/x86_kvm_corpus_20260525_043133_695517,bcc/set,stress_ng_bcc_hook_hot,2,workload:stress:syscall:ops_s,ops/s,17.13,16.58,0.9678925861062463,False,3,30.0,2026-05-25T04:59:47.966901+00:00
full6_stats_off_prefix,corpus/results/x86_kvm_corpus_20260525_043133_695517,bcc/set,stress_ng_bcc_hook_hot,2,workload:stress:syscall:ops_total_per_s,ops/s,17.133333333333333,16.580645161290324,0.9677419354838711,False,3,30.0,2026-05-25T04:59:47.966901+00:00
full6_stats_off_prefix,corpus/results/x86_kvm_corpus_20260525_043133_695517,tracee/monitor,stress_ng_tracee_syscall_hot,0,workload:stress:cap:ops_s,ops/s,77943.8,74485.75,0.9556340594120378,False,3,30.0,2026-05-25T04:59:47.966901+00:00
full6_stats_off_prefix,corpus/results/x86_kvm_corpus_20260525_043133_695517,tracee/monitor,stress_ng_tracee_syscall_hot,0,workload:stress:cap:ops_total_per_s,ops/s,77943.86666666667,74485.8,0.9556338835298566,False,3,30.0,2026-05-25T04:59:47.966901+00:00
full6_stats_off_prefix,corpus/results/x86_kvm_corpus_20260525_043133_695517,tracee/monitor,stress_ng_tracee_syscall_hot,0,workload:stress:eventfd:ops_s,ops/s,43276.62,38910.57,0.8991129621490772,False,3,30.0,2026-05-25T04:59:47.966901+00:00
full6_stats_off_prefix,corpus/results/x86_kvm_corpus_20260525_043133_695517,tracee/monitor,stress_ng_tracee_syscall_hot,0,workload:stress:eventfd:ops_total_per_s,ops/s,43276.86666666667,38910.833333333336,0.8991139222956683,False,3,30.0,2026-05-25T04:59:47.966901+00:00
full6_stats_off_prefix,corpus/results/x86_kvm_corpus_20260525_043133_695517,tracee/monitor,stress_ng_tracee_syscall_hot,0,workload:stress:futex:ops_s,ops/s,83144.12,86441.43,1.0396577653356605,False,3,30.0,2026-05-25T04:59:47.966901+00:00
full6_stats_off_prefix,corpus/results/x86_kvm_corpus_20260525_043133_695517,tracee/monitor,stress_ng_tracee_syscall_hot,0,workload:stress:futex:ops_total_per_s,ops/s,83144.5,86441.83333333333,1.0396578647214587,False,3,30.0,2026-05-25T04:59:47.966901+00:00
full6_stats_off_prefix,corpus/results/x86_kvm_corpus_20260525_043133_695517,tracee/monitor,stress_ng_tracee_syscall_hot,0,workload:stress:kill:ops_s,ops/s,32460.89,33222.04,1.0234482172238655,False,3,30.0,2026-05-25T04:59:47.966901+00:00
full6_stats_off_prefix,corpus/results/x86_kvm_corpus_20260525_043133_695517,tracee/monitor,stress_ng_tracee_syscall_hot,0,workload:stress:kill:ops_total_per_s,ops/s,32461.1,33223.26666666667,1.0234793850691033,False,3,30.0,2026-05-25T04:59:47.966901+00:00
full6_stats_off_prefix,corpus/results/x86_kvm_corpus_20260525_043133_695517,tracee/monitor,stress_ng_tracee_syscall_hot,0,workload:stress:prctl:ops_s,ops/s,538.72,302.88,0.5622215622215622,False,3,30.0,2026-05-25T04:59:47.966901+00:00
full6_stats_off_prefix,corpus/results/x86_kvm_corpus_20260525_043133_695517,tracee/monitor,stress_ng_tracee_syscall_hot,0,workload:stress:prctl:ops_total_per_s,ops/s,538.7333333333333,302.8323892035988,0.5621192721264672,False,3,30.0,2026-05-25T04:59:47.966901+00:00
full6_stats_off_prefix,corpus/results/x86_kvm_corpus_20260525_043133_695517,tracee/monitor,stress_ng_tracee_syscall_hot,0,workload:stress:set:ops_s,ops/s,6538.39,6169.45,0.9435732649780756,False,3,30.0,2026-05-25T04:59:47.966901+00:00
full6_stats_off_prefix,corpus/results/x86_kvm_corpus_20260525_043133_695517,tracee/monitor,stress_ng_tracee_syscall_hot,0,workload:stress:set:ops_total_per_s,ops/s,6538.4,6169.466666666666,0.9435743708960398,False,3,30.0,2026-05-25T04:59:47.966901+00:00
full6_stats_off_prefix,corpus/results/x86_kvm_corpus_20260525_043133_695517,tracee/monitor,stress_ng_tracee_syscall_hot,0,workload:stress:sigfd:ops_s,ops/s,194356.62,194381.55,1.0001282693638116,False,3,30.0,2026-05-25T04:59:47.966901+00:00
full6_stats_off_prefix,corpus/results/x86_kvm_corpus_20260525_043133_695517,tracee/monitor,stress_ng_tracee_syscall_hot,0,workload:stress:sigfd:ops_total_per_s,ops/s,194359.23333333334,194389.36666666667,1.0001550393712535,False,3,30.0,2026-05-25T04:59:47.966901+00:00
full6_stats_off_prefix,corpus/results/x86_kvm_corpus_20260525_043133_695517,tracee/monitor,stress_ng_tracee_syscall_hot,1,workload:stress:cap:ops_s,ops/s,79934.92,76371.43,0.955420109258882,False,3,30.0,2026-05-25T04:59:47.966901+00:00
full6_stats_off_prefix,corpus/results/x86_kvm_corpus_20260525_043133_695517,tracee/monitor,stress_ng_tracee_syscall_hot,1,workload:stress:cap:ops_total_per_s,ops/s,79934.96666666666,76371.46666666666,0.9554200101832782,False,3,30.0,2026-05-25T04:59:47.966901+00:00
full6_stats_off_prefix,corpus/results/x86_kvm_corpus_20260525_043133_695517,tracee/monitor,stress_ng_tracee_syscall_hot,1,workload:stress:eventfd:ops_s,ops/s,43830.74,40573.34,0.9256822951198177,False,3,30.0,2026-05-25T04:59:47.966901+00:00
full6_stats_off_prefix,corpus/results/x86_kvm_corpus_20260525_043133_695517,tracee/monitor,stress_ng_tracee_syscall_hot,1,workload:stress:eventfd:ops_total_per_s,ops/s,43831.03333333333,40573.8,0.9256865949620171,False,3,30.0,2026-05-25T04:59:47.966901+00:00
full6_stats_off_prefix,corpus/results/x86_kvm_corpus_20260525_043133_695517,tracee/monitor,stress_ng_tracee_syscall_hot,1,workload:stress:futex:ops_s,ops/s,83193.92,84905.0,1.0205673683846128,False,3,30.0,2026-05-25T04:59:47.966901+00:00
full6_stats_off_prefix,corpus/results/x86_kvm_corpus_20260525_043133_695517,tracee/monitor,stress_ng_tracee_syscall_hot,1,workload:stress:futex:ops_total_per_s,ops/s,83194.33333333333,84905.43333333333,1.0205675066010105,False,3,30.0,2026-05-25T04:59:47.966901+00:00
full6_stats_off_prefix,corpus/results/x86_kvm_corpus_20260525_043133_695517,tracee/monitor,stress_ng_tracee_syscall_hot,1,workload:stress:kill:ops_s,ops/s,32653.75,31177.47,0.9547898786509973,False,3,30.0,2026-05-25T04:59:47.966901+00:00
full6_stats_off_prefix,corpus/results/x86_kvm_corpus_20260525_043133_695517,tracee/monitor,stress_ng_tracee_syscall_hot,1,workload:stress:kill:ops_total_per_s,ops/s,32653.933333333334,31177.7,0.9547915616087087,False,3,30.0,2026-05-25T04:59:47.966901+00:00
full6_stats_off_prefix,corpus/results/x86_kvm_corpus_20260525_043133_695517,tracee/monitor,stress_ng_tracee_syscall_hot,1,workload:stress:prctl:ops_s,ops/s,348.93,296.33,0.8492534319204424,False,3,30.0,2026-05-25T04:59:47.966901+00:00
full6_stats_off_prefix,corpus/results/x86_kvm_corpus_20260525_043133_695517,tracee/monitor,stress_ng_tracee_syscall_hot,1,workload:stress:prctl:ops_total_per_s,ops/s,348.93333333333334,296.3333333333333,0.8492548719908292,False,3,30.0,2026-05-25T04:59:47.966901+00:00
full6_stats_off_prefix,corpus/results/x86_kvm_corpus_20260525_043133_695517,tracee/monitor,stress_ng_tracee_syscall_hot,1,workload:stress:set:ops_s,ops/s,6588.81,6126.2,0.9297885354107949,False,3,30.0,2026-05-25T04:59:47.966901+00:00
full6_stats_off_prefix,corpus/results/x86_kvm_corpus_20260525_043133_695517,tracee/monitor,stress_ng_tracee_syscall_hot,1,workload:stress:set:ops_total_per_s,ops/s,6588.866666666667,6126.2,0.9297805388888326,False,3,30.0,2026-05-25T04:59:47.966901+00:00
full6_stats_off_prefix,corpus/results/x86_kvm_corpus_20260525_043133_695517,tracee/monitor,stress_ng_tracee_syscall_hot,1,workload:stress:sigfd:ops_s,ops/s,203355.67,193009.9,0.9491247527054445,False,3,30.0,2026-05-25T04:59:47.966901+00:00
full6_stats_off_prefix,corpus/results/x86_kvm_corpus_20260525_043133_695517,tracee/monitor,stress_ng_tracee_syscall_hot,1,workload:stress:sigfd:ops_total_per_s,ops/s,203358.2,193011.23333333334,0.9491195011233052,False,3,30.0,2026-05-25T04:59:47.966901+00:00
full6_stats_off_prefix,corpus/results/x86_kvm_corpus_20260525_043133_695517,tracee/monitor,stress_ng_tracee_syscall_hot,2,workload:stress:cap:ops_s,ops/s,79697.51,74836.66,0.9390087594957485,False,3,30.0,2026-05-25T04:59:47.966901+00:00
full6_stats_off_prefix,corpus/results/x86_kvm_corpus_20260525_043133_695517,tracee/monitor,stress_ng_tracee_syscall_hot,2,workload:stress:cap:ops_total_per_s,ops/s,79698.6,74836.7,0.9389964190086149,False,3,30.0,2026-05-25T04:59:47.966901+00:00
full6_stats_off_prefix,corpus/results/x86_kvm_corpus_20260525_043133_695517,tracee/monitor,stress_ng_tracee_syscall_hot,2,workload:stress:eventfd:ops_s,ops/s,44041.4,42227.14,0.9588055783876079,False,3,30.0,2026-05-25T04:59:47.966901+00:00
full6_stats_off_prefix,corpus/results/x86_kvm_corpus_20260525_043133_695517,tracee/monitor,stress_ng_tracee_syscall_hot,2,workload:stress:eventfd:ops_total_per_s,ops/s,44041.73333333333,42227.433333333334,0.9588049819413709,False,3,30.0,2026-05-25T04:59:47.966901+00:00
full6_stats_off_prefix,corpus/results/x86_kvm_corpus_20260525_043133_695517,tracee/monitor,stress_ng_tracee_syscall_hot,2,workload:stress:futex:ops_s,ops/s,88869.87,87434.41,0.9838476189961796,False,3,30.0,2026-05-25T04:59:47.966901+00:00
full6_stats_off_prefix,corpus/results/x86_kvm_corpus_20260525_043133_695517,tracee/monitor,stress_ng_tracee_syscall_hot,2,workload:stress:futex:ops_total_per_s,ops/s,88871.23333333334,87434.9,0.9838380398306612,False,3,30.0,2026-05-25T04:59:47.966901+00:00
full6_stats_off_prefix,corpus/results/x86_kvm_corpus_20260525_043133_695517,tracee/monitor,stress_ng_tracee_syscall_hot,2,workload:stress:kill:ops_s,ops/s,32356.33,30597.3,0.9456356762339857,False,3,30.0,2026-05-25T04:59:47.966901+00:00
full6_stats_off_prefix,corpus/results/x86_kvm_corpus_20260525_043133_695517,tracee/monitor,stress_ng_tracee_syscall_hot,2,workload:stress:kill:ops_total_per_s,ops/s,32356.533333333333,30596.033333333333,0.9455905865482087,False,3,30.0,2026-05-25T04:59:47.966901+00:00
full6_stats_off_prefix,corpus/results/x86_kvm_corpus_20260525_043133_695517,tracee/monitor,stress_ng_tracee_syscall_hot,2,workload:stress:prctl:ops_s,ops/s,328.12,305.96,0.93246373278069,False,3,30.0,2026-05-25T04:59:47.966901+00:00
full6_stats_off_prefix,corpus/results/x86_kvm_corpus_20260525_043133_695517,tracee/monitor,stress_ng_tracee_syscall_hot,2,workload:stress:prctl:ops_total_per_s,ops/s,328.1333333333333,305.96666666666664,0.9324461600975212,False,3,30.0,2026-05-25T04:59:47.966901+00:00
full6_stats_off_prefix,corpus/results/x86_kvm_corpus_20260525_043133_695517,tracee/monitor,stress_ng_tracee_syscall_hot,2,workload:stress:set:ops_s,ops/s,6559.8,6112.98,0.9318851184487331,False,3,30.0,2026-05-25T04:59:47.966901+00:00
full6_stats_off_prefix,corpus/results/x86_kvm_corpus_20260525_043133_695517,tracee/monitor,stress_ng_tracee_syscall_hot,2,workload:stress:set:ops_total_per_s,ops/s,6559.8,6113.0,0.9318881673221744,False,3,30.0,2026-05-25T04:59:47.966901+00:00
full6_stats_off_prefix,corpus/results/x86_kvm_corpus_20260525_043133_695517,tracee/monitor,stress_ng_tracee_syscall_hot,2,workload:stress:sigfd:ops_s,ops/s,199779.78,193463.13,0.9683819353490128,False,3,30.0,2026-05-25T04:59:47.966901+00:00
full6_stats_off_prefix,corpus/results/x86_kvm_corpus_20260525_043133_695517,tracee/monitor,stress_ng_tracee_syscall_hot,2,workload:stress:sigfd:ops_total_per_s,ops/s,199781.13333333333,193472.3,0.9684212756826887,False,3,30.0,2026-05-25T04:59:47.966901+00:00
full6_stats_off_prefix,corpus/results/x86_kvm_corpus_20260525_043133_695517,tetragon/observer,stress_ng_tetragon_policy_hot,0,workload:stress:eventfd:ops_s,ops/s,72597.8,12526.84,0.17255123433492475,False,3,30.0,2026-05-25T04:59:47.966901+00:00
full6_stats_off_prefix,corpus/results/x86_kvm_corpus_20260525_043133_695517,tetragon/observer,stress_ng_tetragon_policy_hot,0,workload:stress:eventfd:ops_total_per_s,ops/s,72604.3,12526.966666666667,0.17253753106450537,False,3,30.0,2026-05-25T04:59:47.966901+00:00
full6_stats_off_prefix,corpus/results/x86_kvm_corpus_20260525_043133_695517,tetragon/observer,stress_ng_tetragon_policy_hot,0,workload:stress:mmap:ops_s,ops/s,25.37,21.96,0.8655892786756011,False,3,30.0,2026-05-25T04:59:47.966901+00:00
full6_stats_off_prefix,corpus/results/x86_kvm_corpus_20260525_043133_695517,tetragon/observer,stress_ng_tetragon_policy_hot,0,workload:stress:mmap:ops_total_per_s,ops/s,25.366666666666667,21.959346884371875,0.8656772753366048,False,3,30.0,2026-05-25T04:59:47.966901+00:00
full6_stats_off_prefix,corpus/results/x86_kvm_corpus_20260525_043133_695517,tetragon/observer,stress_ng_tetragon_policy_hot,0,workload:stress:sock:ops_s,ops/s,378.6,214.83,0.56743264659271,False,3,30.0,2026-05-25T04:59:47.966901+00:00
full6_stats_off_prefix,corpus/results/x86_kvm_corpus_20260525_043133_695517,tetragon/observer,stress_ng_tetragon_policy_hot,0,workload:stress:sock:ops_total_per_s,ops/s,378.6333333333333,214.83333333333334,0.5673914957302579,False,3,30.0,2026-05-25T04:59:47.966901+00:00
full6_stats_off_prefix,corpus/results/x86_kvm_corpus_20260525_043133_695517,tetragon/observer,stress_ng_tetragon_policy_hot,0,workload:stress:sockfd:ops_s,ops/s,131377.02,22555.31,0.1716838302467205,False,3,30.0,2026-05-25T04:59:47.966901+00:00
full6_stats_off_prefix,corpus/results/x86_kvm_corpus_20260525_043133_695517,tetragon/observer,stress_ng_tetragon_policy_hot,0,workload:stress:sockfd:ops_total_per_s,ops/s,131397.86666666667,22556.733333333334,0.17166742433159746,False,3,30.0,2026-05-25T04:59:47.966901+00:00
full6_stats_off_prefix,corpus/results/x86_kvm_corpus_20260525_043133_695517,tetragon/observer,stress_ng_tetragon_policy_hot,0,workload:stress:sockpair:ops_s,ops/s,47583.93,11595.88,0.243693196421565,False,3,30.0,2026-05-25T04:59:47.966901+00:00
full6_stats_off_prefix,corpus/results/x86_kvm_corpus_20260525_043133_695517,tetragon/observer,stress_ng_tetragon_policy_hot,0,workload:stress:sockpair:ops_total_per_s,ops/s,47587.99068529608,11597.77556440903,0.24371223490199925,False,3,30.0,2026-05-25T04:59:47.966901+00:00
full6_stats_off_prefix,corpus/results/x86_kvm_corpus_20260525_043133_695517,tetragon/observer,stress_ng_tetragon_policy_hot,0,workload:stress:udp:ops_s,ops/s,125651.04,39226.37,0.3121850006175835,False,3,30.0,2026-05-25T04:59:47.966901+00:00
full6_stats_off_prefix,corpus/results/x86_kvm_corpus_20260525_043133_695517,tetragon/observer,stress_ng_tetragon_policy_hot,0,workload:stress:udp:ops_total_per_s,ops/s,125663.33333333333,39226.933333333334,0.31215894320804266,False,3,30.0,2026-05-25T04:59:47.966901+00:00
full6_stats_off_prefix,corpus/results/x86_kvm_corpus_20260525_043133_695517,tetragon/observer,stress_ng_tetragon_policy_hot,1,workload:stress:eventfd:ops_s,ops/s,69068.94,12502.87,0.1810201517498314,False,3,30.0,2026-05-25T04:59:47.966901+00:00
full6_stats_off_prefix,corpus/results/x86_kvm_corpus_20260525_043133_695517,tetragon/observer,stress_ng_tetragon_policy_hot,1,workload:stress:eventfd:ops_total_per_s,ops/s,69069.5,12503.0,0.18102056624124976,False,3,30.0,2026-05-25T04:59:47.966901+00:00
full6_stats_off_prefix,corpus/results/x86_kvm_corpus_20260525_043133_695517,tetragon/observer,stress_ng_tetragon_policy_hot,1,workload:stress:mmap:ops_s,ops/s,25.4,22.19,0.8736220472440945,False,3,30.0,2026-05-25T04:59:47.966901+00:00
full6_stats_off_prefix,corpus/results/x86_kvm_corpus_20260525_043133_695517,tetragon/observer,stress_ng_tetragon_policy_hot,1,workload:stress:mmap:ops_total_per_s,ops/s,25.4,22.19260246584472,0.8737245065293197,False,3,30.0,2026-05-25T04:59:47.966901+00:00
full6_stats_off_prefix,corpus/results/x86_kvm_corpus_20260525_043133_695517,tetragon/observer,stress_ng_tetragon_policy_hot,1,workload:stress:sock:ops_s,ops/s,352.85,254.52,0.7213263426385149,False,3,30.0,2026-05-25T04:59:47.966901+00:00
full6_stats_off_prefix,corpus/results/x86_kvm_corpus_20260525_043133_695517,tetragon/observer,stress_ng_tetragon_policy_hot,1,workload:stress:sock:ops_total_per_s,ops/s,352.8666666666667,254.5151616127957,0.7212785611547204,False,3,30.0,2026-05-25T04:59:47.966901+00:00
full6_stats_off_prefix,corpus/results/x86_kvm_corpus_20260525_043133_695517,tetragon/observer,stress_ng_tetragon_policy_hot,1,workload:stress:sockfd:ops_s,ops/s,124916.05,22172.65,0.17750040927486901,False,3,30.0,2026-05-25T04:59:47.966901+00:00
full6_stats_off_prefix,corpus/results/x86_kvm_corpus_20260525_043133_695517,tetragon/observer,stress_ng_tetragon_policy_hot,1,workload:stress:sockfd:ops_total_per_s,ops/s,124917.19426857714,22170.343218927024,0.17748031685101628,False,3,30.0,2026-05-25T04:59:47.966901+00:00
full6_stats_off_prefix,corpus/results/x86_kvm_corpus_20260525_043133_695517,tetragon/observer,stress_ng_tetragon_policy_hot,1,workload:stress:sockpair:ops_s,ops/s,43534.6,11080.24,0.25451571853192634,False,3,30.0,2026-05-25T04:59:47.966901+00:00
full6_stats_off_prefix,corpus/results/x86_kvm_corpus_20260525_043133_695517,tetragon/observer,stress_ng_tetragon_policy_hot,1,workload:stress:sockpair:ops_total_per_s,ops/s,43535.1081530782,11078.9246598075,0.2544825344375342,False,3,30.0,2026-05-25T04:59:47.966901+00:00
full6_stats_off_prefix,corpus/results/x86_kvm_corpus_20260525_043133_695517,tetragon/observer,stress_ng_tetragon_policy_hot,1,workload:stress:udp:ops_s,ops/s,119232.5,33447.69,0.28052494076698886,False,3,30.0,2026-05-25T04:59:47.966901+00:00
full6_stats_off_prefix,corpus/results/x86_kvm_corpus_20260525_043133_695517,tetragon/observer,stress_ng_tetragon_policy_hot,1,workload:stress:udp:ops_total_per_s,ops/s,119234.9,33444.551816061314,0.28049297492647973,False,3,30.0,2026-05-25T04:59:47.966901+00:00
full6_stats_off_prefix,corpus/results/x86_kvm_corpus_20260525_043133_695517,tetragon/observer,stress_ng_tetragon_policy_hot,2,workload:stress:eventfd:ops_s,ops/s,69080.35,11756.96,0.17019253666201747,False,3,30.0,2026-05-25T04:59:47.966901+00:00
full6_stats_off_prefix,corpus/results/x86_kvm_corpus_20260525_043133_695517,tetragon/observer,stress_ng_tetragon_policy_hot,2,workload:stress:eventfd:ops_total_per_s,ops/s,69080.9,11757.066666666668,0.17019272572688932,False,3,30.0,2026-05-25T04:59:47.966901+00:00
full6_stats_off_prefix,corpus/results/x86_kvm_corpus_20260525_043133_695517,tetragon/observer,stress_ng_tetragon_policy_hot,2,workload:stress:mmap:ops_s,ops/s,27.0,21.6,0.8,False,3,30.0,2026-05-25T04:59:47.966901+00:00
full6_stats_off_prefix,corpus/results/x86_kvm_corpus_20260525_043133_695517,tetragon/observer,stress_ng_tetragon_policy_hot,2,workload:stress:mmap:ops_total_per_s,ops/s,27.0,21.592802399200266,0.7997334221926025,False,3,30.0,2026-05-25T04:59:47.966901+00:00
full6_stats_off_prefix,corpus/results/x86_kvm_corpus_20260525_043133_695517,tetragon/observer,stress_ng_tetragon_policy_hot,2,workload:stress:sock:ops_s,ops/s,352.23,161.12,0.4574283848621639,False,3,30.0,2026-05-25T04:59:47.966901+00:00
full6_stats_off_prefix,corpus/results/x86_kvm_corpus_20260525_043133_695517,tetragon/observer,stress_ng_tetragon_policy_hot,2,workload:stress:sock:ops_total_per_s,ops/s,352.26666666666665,161.13333333333333,0.45741862225586677,False,3,30.0,2026-05-25T04:59:47.966901+00:00
full6_stats_off_prefix,corpus/results/x86_kvm_corpus_20260525_043133_695517,tetragon/observer,stress_ng_tetragon_policy_hot,2,workload:stress:sockfd:ops_s,ops/s,126711.93,22144.49,0.17476247106330084,False,3,30.0,2026-05-25T04:59:47.966901+00:00
full6_stats_off_prefix,corpus/results/x86_kvm_corpus_20260525_043133_695517,tetragon/observer,stress_ng_tetragon_policy_hot,2,workload:stress:sockfd:ops_total_per_s,ops/s,126721.43333333333,22145.2,0.17475496778629662,False,3,30.0,2026-05-25T04:59:47.966901+00:00
full6_stats_off_prefix,corpus/results/x86_kvm_corpus_20260525_043133_695517,tetragon/observer,stress_ng_tetragon_policy_hot,2,workload:stress:sockpair:ops_s,ops/s,44252.54,9372.18,0.21178852106568347,False,3,30.0,2026-05-25T04:59:47.966901+00:00
full6_stats_off_prefix,corpus/results/x86_kvm_corpus_20260525_043133_695517,tetragon/observer,stress_ng_tetragon_policy_hot,2,workload:stress:sockpair:ops_total_per_s,ops/s,44245.70858283433,9372.144754316068,0.21182042404790657,False,3,30.0,2026-05-25T04:59:47.966901+00:00
full6_stats_off_prefix,corpus/results/x86_kvm_corpus_20260525_043133_695517,tetragon/observer,stress_ng_tetragon_policy_hot,2,workload:stress:udp:ops_s,ops/s,111201.96,34812.08,0.3130527555449562,False,3,30.0,2026-05-25T04:59:47.966901+00:00
full6_stats_off_prefix,corpus/results/x86_kvm_corpus_20260525_043133_695517,tetragon/observer,stress_ng_tetragon_policy_hot,2,workload:stress:udp:ops_total_per_s,ops/s,111202.96666666666,34812.46666666667,0.31305339875524907,False,3,30.0,2026-05-25T04:59:47.966901+00:00
full6_stats_off_prefix,corpus/results/x86_kvm_corpus_20260525_043133_695517,otelcol-ebpf-profiler/profiling,otel_mixed_workload,0,workload:otel_nodejs_int_loop_0:loop:nodejs:ops_s,ops/s,1346907.332093276,8840671.379802113,6.563681976593382,False,3,30.0,2026-05-25T04:59:47.966901+00:00
full6_stats_off_prefix,corpus/results/x86_kvm_corpus_20260525_043133_695517,otelcol-ebpf-profiler/profiling,otel_mixed_workload,0,workload:otel_nodejs_int_loop_1:loop:nodejs:ops_s,ops/s,1139787.593694572,8255065.610885444,7.2426350809162665,False,3,30.0,2026-05-25T04:59:47.966901+00:00
full6_stats_off_prefix,corpus/results/x86_kvm_corpus_20260525_043133_695517,otelcol-ebpf-profiler/profiling,otel_mixed_workload,0,workload:otel_perl_int_loop_0:loop:perl:ops_s,ops/s,2821078.8059640396,4538156.448728118,1.6086599350340751,False,3,30.0,2026-05-25T04:59:47.966901+00:00
full6_stats_off_prefix,corpus/results/x86_kvm_corpus_20260525_043133_695517,otelcol-ebpf-profiler/profiling,otel_mixed_workload,0,workload:otel_perl_int_loop_1:loop:perl:ops_s,ops/s,2872503.504249883,4200951.610521646,1.4624704910912443,False,3,30.0,2026-05-25T04:59:47.966901+00:00
full6_stats_off_prefix,corpus/results/x86_kvm_corpus_20260525_043133_695517,otelcol-ebpf-profiler/profiling,otel_mixed_workload,0,workload:otel_php_int_loop_0:loop:php:ops_s,ops/s,9531066.142751234,11423160.31922799,1.1985186282560605,False,3,30.0,2026-05-25T04:59:47.966901+00:00
full6_stats_off_prefix,corpus/results/x86_kvm_corpus_20260525_043133_695517,otelcol-ebpf-profiler/profiling,otel_mixed_workload,0,workload:otel_php_int_loop_1:loop:php:ops_s,ops/s,9943387.470440837,16524822.530023662,1.6618906362794128,False,3,30.0,2026-05-25T04:59:47.966901+00:00
full6_stats_off_prefix,corpus/results/x86_kvm_corpus_20260525_043133_695517,otelcol-ebpf-profiler/profiling,otel_mixed_workload,0,workload:otel_python3_int_loop_0:loop:python3:ops_s,ops/s,2430233.703875358,3864172.2514437,1.590041420823734,False,3,30.0,2026-05-25T04:59:47.966901+00:00
full6_stats_off_prefix,corpus/results/x86_kvm_corpus_20260525_043133_695517,otelcol-ebpf-profiler/profiling,otel_mixed_workload,0,workload:otel_python3_int_loop_1:loop:python3:ops_s,ops/s,1960433.2079133585,4070302.0580237126,2.0762258268191913,False,3,30.0,2026-05-25T04:59:47.966901+00:00
full6_stats_off_prefix,corpus/results/x86_kvm_corpus_20260525_043133_695517,otelcol-ebpf-profiler/profiling,otel_mixed_workload,0,workload:otel_ruby_int_loop_0:loop:ruby:ops_s,ops/s,6033514.651026496,6350534.761506239,1.0525431906303249,False,3,30.0,2026-05-25T04:59:47.966901+00:00
full6_stats_off_prefix,corpus/results/x86_kvm_corpus_20260525_043133_695517,otelcol-ebpf-profiler/profiling,otel_mixed_workload,0,workload:otel_ruby_int_loop_1:loop:ruby:ops_s,ops/s,6261130.47813911,9679726.686712218,1.546003029406466,False,3,30.0,2026-05-25T04:59:47.966901+00:00
full6_stats_off_prefix,corpus/results/x86_kvm_corpus_20260525_043133_695517,otelcol-ebpf-profiler/profiling,otel_mixed_workload,0,workload:otel_stress_ng_cpu:stress:cpu:ops_s,ops/s,854.64,966.7,1.1311195357109427,False,3,30.0,2026-05-25T04:59:47.966901+00:00
full6_stats_off_prefix,corpus/results/x86_kvm_corpus_20260525_043133_695517,otelcol-ebpf-profiler/profiling,otel_mixed_workload,0,workload:otel_stress_ng_cpu:stress:cpu:ops_total_per_s,ops/s,854.6666666666666,966.7333333333333,1.1311232449297972,False,3,30.0,2026-05-25T04:59:47.966901+00:00
full6_stats_off_prefix,corpus/results/x86_kvm_corpus_20260525_043133_695517,otelcol-ebpf-profiler/profiling,otel_mixed_workload,1,workload:otel_nodejs_int_loop_0:loop:nodejs:ops_s,ops/s,835903.3884301404,8444685.138831232,10.102465495074357,False,3,30.0,2026-05-25T04:59:47.966901+00:00
full6_stats_off_prefix,corpus/results/x86_kvm_corpus_20260525_043133_695517,otelcol-ebpf-profiler/profiling,otel_mixed_workload,1,workload:otel_nodejs_int_loop_1:loop:nodejs:ops_s,ops/s,655905.833193476,9168898.270887282,13.978985712393694,False,3,30.0,2026-05-25T04:59:47.966901+00:00
full6_stats_off_prefix,corpus/results/x86_kvm_corpus_20260525_043133_695517,otelcol-ebpf-profiler/profiling,otel_mixed_workload,1,workload:otel_perl_int_loop_0:loop:perl:ops_s,ops/s,2618901.3663925016,3562616.1372077405,1.360347580449428,False,3,30.0,2026-05-25T04:59:47.966901+00:00
full6_stats_off_prefix,corpus/results/x86_kvm_corpus_20260525_043133_695517,otelcol-ebpf-profiler/profiling,otel_mixed_workload,1,workload:otel_perl_int_loop_1:loop:perl:ops_s,ops/s,3000016.066665596,4369737.321008756,1.4565713062548873,False,3,30.0,2026-05-25T04:59:47.966901+00:00
full6_stats_off_prefix,corpus/results/x86_kvm_corpus_20260525_043133_695517,otelcol-ebpf-profiler/profiling,otel_mixed_workload,1,workload:otel_php_int_loop_0:loop:php:ops_s,ops/s,8503342.249220142,14101942.529935248,1.6583999698740297,False,3,30.0,2026-05-25T04:59:47.966901+00:00
full6_stats_off_prefix,corpus/results/x86_kvm_corpus_20260525_043133_695517,otelcol-ebpf-profiler/profiling,otel_mixed_workload,1,workload:otel_php_int_loop_1:loop:php:ops_s,ops/s,11113028.616443317,12673548.010193598,1.1404225119551359,False,3,30.0,2026-05-25T04:59:47.966901+00:00
full6_stats_off_prefix,corpus/results/x86_kvm_corpus_20260525_043133_695517,otelcol-ebpf-profiler/profiling,otel_mixed_workload,1,workload:otel_python3_int_loop_0:loop:python3:ops_s,ops/s,2268803.8129059044,3692669.635776788,1.627584374978277,False,3,30.0,2026-05-25T04:59:47.966901+00:00
full6_stats_off_prefix,corpus/results/x86_kvm_corpus_20260525_043133_695517,otelcol-ebpf-profiler/profiling,otel_mixed_workload,1,workload:otel_python3_int_loop_1:loop:python3:ops_s,ops/s,2384942.592187716,4109521.874444896,1.7231114442361555,False,3,30.0,2026-05-25T04:59:47.966901+00:00
full6_stats_off_prefix,corpus/results/x86_kvm_corpus_20260525_043133_695517,otelcol-ebpf-profiler/profiling,otel_mixed_workload,1,workload:otel_ruby_int_loop_0:loop:ruby:ops_s,ops/s,6731369.043269844,9131063.640453938,1.3564942854504993,False,3,30.0,2026-05-25T04:59:47.966901+00:00
full6_stats_off_prefix,corpus/results/x86_kvm_corpus_20260525_043133_695517,otelcol-ebpf-profiler/profiling,otel_mixed_workload,1,workload:otel_ruby_int_loop_1:loop:ruby:ops_s,ops/s,5781472.901979312,9928118.78583499,1.7172300128633406,False,3,30.0,2026-05-25T04:59:47.966901+00:00
full6_stats_off_prefix,corpus/results/x86_kvm_corpus_20260525_043133_695517,otelcol-ebpf-profiler/profiling,otel_mixed_workload,1,workload:otel_stress_ng_cpu:stress:cpu:ops_s,ops/s,798.34,804.19,1.0073277049878497,False,3,30.0,2026-05-25T04:59:47.966901+00:00
full6_stats_off_prefix,corpus/results/x86_kvm_corpus_20260525_043133_695517,otelcol-ebpf-profiler/profiling,otel_mixed_workload,1,workload:otel_stress_ng_cpu:stress:cpu:ops_total_per_s,ops/s,798.3666666666667,804.2,1.0073065842762308,False,3,30.0,2026-05-25T04:59:47.966901+00:00
full6_stats_off_prefix,corpus/results/x86_kvm_corpus_20260525_043133_695517,otelcol-ebpf-profiler/profiling,otel_mixed_workload,2,workload:otel_nodejs_int_loop_0:loop:nodejs:ops_s,ops/s,1002112.5101922275,9030196.832677225,9.011160663930871,False,3,30.0,2026-05-25T04:59:47.966901+00:00
full6_stats_off_prefix,corpus/results/x86_kvm_corpus_20260525_043133_695517,otelcol-ebpf-profiler/profiling,otel_mixed_workload,2,workload:otel_nodejs_int_loop_1:loop:nodejs:ops_s,ops/s,935692.7339074343,8854422.453829436,9.462959508997727,False,3,30.0,2026-05-25T04:59:47.966901+00:00
full6_stats_off_prefix,corpus/results/x86_kvm_corpus_20260525_043133_695517,otelcol-ebpf-profiler/profiling,otel_mixed_workload,2,workload:otel_perl_int_loop_0:loop:perl:ops_s,ops/s,3064274.4802306723,4189693.6612821287,1.3672710092754932,False,3,30.0,2026-05-25T04:59:47.966901+00:00
full6_stats_off_prefix,corpus/results/x86_kvm_corpus_20260525_043133_695517,otelcol-ebpf-profiler/profiling,otel_mixed_workload,2,workload:otel_perl_int_loop_1:loop:perl:ops_s,ops/s,2881030.61982823,2978068.80073104,1.0336817596574506,False,3,30.0,2026-05-25T04:59:47.966901+00:00
full6_stats_off_prefix,corpus/results/x86_kvm_corpus_20260525_043133_695517,otelcol-ebpf-profiler/profiling,otel_mixed_workload,2,workload:otel_php_int_loop_0:loop:php:ops_s,ops/s,10158355.812219225,14569624.281012524,1.434250241903035,False,3,30.0,2026-05-25T04:59:47.966901+00:00
full6_stats_off_prefix,corpus/results/x86_kvm_corpus_20260525_043133_695517,otelcol-ebpf-profiler/profiling,otel_mixed_workload,2,workload:otel_php_int_loop_1:loop:php:ops_s,ops/s,9619262.458715837,17123749.891750008,1.7801520610589527,False,3,30.0,2026-05-25T04:59:47.966901+00:00
full6_stats_off_prefix,corpus/results/x86_kvm_corpus_20260525_043133_695517,otelcol-ebpf-profiler/profiling,otel_mixed_workload,2,workload:otel_python3_int_loop_0:loop:python3:ops_s,ops/s,2515671.8562187627,2467057.1243533376,0.9806752491406027,False,3,30.0,2026-05-25T04:59:47.966901+00:00
full6_stats_off_prefix,corpus/results/x86_kvm_corpus_20260525_043133_695517,otelcol-ebpf-profiler/profiling,otel_mixed_workload,2,workload:otel_python3_int_loop_1:loop:python3:ops_s,ops/s,2208140.8972863676,4222956.207211678,1.9124487085046795,False,3,30.0,2026-05-25T04:59:47.966901+00:00
full6_stats_off_prefix,corpus/results/x86_kvm_corpus_20260525_043133_695517,otelcol-ebpf-profiler/profiling,otel_mixed_workload,2,workload:otel_ruby_int_loop_0:loop:ruby:ops_s,ops/s,5411220.514015726,7231104.730668581,1.3363167721476388,False,3,30.0,2026-05-25T04:59:47.966901+00:00
full6_stats_off_prefix,corpus/results/x86_kvm_corpus_20260525_043133_695517,otelcol-ebpf-profiler/profiling,otel_mixed_workload,2,workload:otel_ruby_int_loop_1:loop:ruby:ops_s,ops/s,5555447.285246538,10072672.480620671,1.8131163817124887,False,3,30.0,2026-05-25T04:59:47.966901+00:00
full6_stats_off_prefix,corpus/results/x86_kvm_corpus_20260525_043133_695517,otelcol-ebpf-profiler/profiling,otel_mixed_workload,2,workload:otel_stress_ng_cpu:stress:cpu:ops_s,ops/s,842.69,1197.22,1.420712242936311,False,3,30.0,2026-05-25T04:59:47.966901+00:00
full6_stats_off_prefix,corpus/results/x86_kvm_corpus_20260525_043133_695517,otelcol-ebpf-profiler/profiling,otel_mixed_workload,2,workload:otel_stress_ng_cpu:stress:cpu:ops_total_per_s,ops/s,842.7,1197.2333333333333,1.4207112060440648,False,3,30.0,2026-05-25T04:59:47.966901+00:00
full6_stats_off_prefix,corpus/results/x86_kvm_corpus_20260525_043133_695517,katran,xdp_pktgen,0,workload:katran_kernel_pktgen_l2_udp_thread:pktgen:pps,pps,824320.0,628.0,0.0007618400621118012,False,3,30.0,2026-05-25T04:59:47.966901+00:00
full6_stats_off_prefix,corpus/results/x86_kvm_corpus_20260525_043133_695517,katran,xdp_pktgen,1,workload:katran_kernel_pktgen_l2_udp_thread:pktgen:pps,pps,988869.0,686179.0,0.6939028324277533,False,3,30.0,2026-05-25T04:59:47.966901+00:00
full6_stats_off_prefix,corpus/results/x86_kvm_corpus_20260525_043133_695517,katran,xdp_pktgen,2,workload:katran_kernel_pktgen_l2_udp_thread:pktgen:pps,pps,605960.0,880133.0,1.452460558452703,False,3,30.0,2026-05-25T04:59:47.966901+00:00
full6_stats_off_prefix,corpus/results/x86_kvm_corpus_20260525_043133_695517,cilium/agent,cilium_endpoint_pktgen,0,workload:cilium_endpoint_pktgen_forward:pktgen:pps,pps,714085.0,1842833.0,2.5806913742761717,False,3,30.0,2026-05-25T04:59:47.966901+00:00
full6_stats_off_prefix,corpus/results/x86_kvm_corpus_20260525_043133_695517,cilium/agent,cilium_endpoint_pktgen,0,workload:cilium_endpoint_pktgen_reverse:pktgen:pps,pps,713844.0,1882317.0,2.6368744431556475,False,3,30.0,2026-05-25T04:59:47.966901+00:00
full6_stats_off_prefix,corpus/results/x86_kvm_corpus_20260525_043133_695517,cilium/agent,cilium_endpoint_pktgen,1,workload:cilium_endpoint_pktgen_forward:pktgen:pps,pps,708483.0,1850616.0,2.612082435287791,False,3,30.0,2026-05-25T04:59:47.966901+00:00
full6_stats_off_prefix,corpus/results/x86_kvm_corpus_20260525_043133_695517,cilium/agent,cilium_endpoint_pktgen,1,workload:cilium_endpoint_pktgen_reverse:pktgen:pps,pps,708963.0,1879713.0,2.651355571447311,False,3,30.0,2026-05-25T04:59:47.966901+00:00
full6_stats_off_prefix,corpus/results/x86_kvm_corpus_20260525_043133_695517,cilium/agent,cilium_endpoint_pktgen,2,workload:cilium_endpoint_pktgen_forward:pktgen:pps,pps,705042.0,1894248.0,2.686716536036151,False,3,30.0,2026-05-25T04:59:47.966901+00:00
full6_stats_off_prefix,corpus/results/x86_kvm_corpus_20260525_043133_695517,cilium/agent,cilium_endpoint_pktgen,2,workload:cilium_endpoint_pktgen_reverse:pktgen:pps,pps,705515.0,1897584.0,2.689643735427312,False,3,30.0,2026-05-25T04:59:47.966901+00:00
tetragon_postfix_smoke_stats_on,corpus/results/x86_kvm_corpus_20260526_024856_120489,tetragon/observer,stress_ng_tetragon_policy_hot,0,workload:stress:eventfd:ops_s,ops/s,79198.93,155695.52,1.9658790844775302,True,1,5.0,2026-05-26T02:50:25.397754+00:00
tetragon_postfix_smoke_stats_on,corpus/results/x86_kvm_corpus_20260526_024856_120489,tetragon/observer,stress_ng_tetragon_policy_hot,0,workload:stress:eventfd:ops_total_per_s,ops/s,79202.6,155702.6,1.9658773828131904,True,1,5.0,2026-05-26T02:50:25.397754+00:00
tetragon_postfix_smoke_stats_on,corpus/results/x86_kvm_corpus_20260526_024856_120489,tetragon/observer,stress_ng_tetragon_policy_hot,0,workload:stress:mmap:ops_s,ops/s,27.39,187.18,6.833880978459292,True,1,5.0,2026-05-26T02:50:25.397754+00:00
tetragon_postfix_smoke_stats_on,corpus/results/x86_kvm_corpus_20260526_024856_120489,tetragon/observer,stress_ng_tetragon_policy_hot,0,workload:stress:mmap:ops_total_per_s,ops/s,27.4,187.2255489021956,6.8330492300071395,True,1,5.0,2026-05-26T02:50:25.397754+00:00
tetragon_postfix_smoke_stats_on,corpus/results/x86_kvm_corpus_20260526_024856_120489,tetragon/observer,stress_ng_tetragon_policy_hot,0,workload:stress:sock:ops_s,ops/s,720.33,2413.3,3.3502700151319535,True,1,5.0,2026-05-26T02:50:25.397754+00:00
tetragon_postfix_smoke_stats_on,corpus/results/x86_kvm_corpus_20260526_024856_120489,tetragon/observer,stress_ng_tetragon_policy_hot,0,workload:stress:sock:ops_total_per_s,ops/s,720.6,2413.6,3.3494310296974743,True,1,5.0,2026-05-26T02:50:25.397754+00:00
tetragon_postfix_smoke_stats_on,corpus/results/x86_kvm_corpus_20260526_024856_120489,tetragon/observer,stress_ng_tetragon_policy_hot,0,workload:stress:sockfd:ops_s,ops/s,159536.27,263337.59,1.6506440196953336,True,1,5.0,2026-05-26T02:50:25.397754+00:00
tetragon_postfix_smoke_stats_on,corpus/results/x86_kvm_corpus_20260526_024856_120489,tetragon/observer,stress_ng_tetragon_policy_hot,0,workload:stress:sockfd:ops_total_per_s,ops/s,159604.2,263387.2,1.6502523116559589,True,1,5.0,2026-05-26T02:50:25.397754+00:00
tetragon_postfix_smoke_stats_on,corpus/results/x86_kvm_corpus_20260526_024856_120489,tetragon/observer,stress_ng_tetragon_policy_hot,0,workload:stress:sockpair:ops_s,ops/s,71876.34,129673.31,1.8041167649883119,True,1,5.0,2026-05-26T02:50:25.397754+00:00
tetragon_postfix_smoke_stats_on,corpus/results/x86_kvm_corpus_20260526_024856_120489,tetragon/observer,stress_ng_tetragon_policy_hot,0,workload:stress:sockpair:ops_total_per_s,ops/s,71898.02761341223,129633.53293413174,1.803019321074522,True,1,5.0,2026-05-26T02:50:25.397754+00:00
tetragon_postfix_smoke_stats_on,corpus/results/x86_kvm_corpus_20260526_024856_120489,tetragon/observer,stress_ng_tetragon_policy_hot,0,workload:stress:udp:ops_s,ops/s,206506.18,391216.64,1.894454877815279,True,1,5.0,2026-05-26T02:50:25.397754+00:00
tetragon_postfix_smoke_stats_on,corpus/results/x86_kvm_corpus_20260526_024856_120489,tetragon/observer,stress_ng_tetragon_policy_hot,0,workload:stress:udp:ops_total_per_s,ops/s,206542.0,391238.6,1.8942326500179139,True,1,5.0,2026-05-26T02:50:25.397754+00:00
bcc_postfix_smoke_stats_off,corpus/results/x86_kvm_corpus_20260526_030917_287805,bcc/set,stress_ng_bcc_hook_hot,0,workload:stress:cap:ops_s,ops/s,409458.45,414402.13,1.0120737036932563,False,1,5.0,2026-05-26T03:10:12.423191+00:00
bcc_postfix_smoke_stats_off,corpus/results/x86_kvm_corpus_20260526_030917_287805,bcc/set,stress_ng_bcc_hook_hot,0,workload:stress:cap:ops_total_per_s,ops/s,409457.2,414401.4,1.0120750105261307,False,1,5.0,2026-05-26T03:10:12.423191+00:00
bcc_postfix_smoke_stats_off,corpus/results/x86_kvm_corpus_20260526_030917_287805,bcc/set,stress_ng_bcc_hook_hot,0,workload:stress:set:ops_s,ops/s,31175.64,32190.44,1.0325510558885078,False,1,5.0,2026-05-26T03:10:12.423191+00:00
bcc_postfix_smoke_stats_off,corpus/results/x86_kvm_corpus_20260526_030917_287805,bcc/set,stress_ng_bcc_hook_hot,0,workload:stress:set:ops_total_per_s,ops/s,31175.6,32190.6,1.032557512926776,False,1,5.0,2026-05-26T03:10:12.423191+00:00
bcc_postfix_smoke_stats_off,corpus/results/x86_kvm_corpus_20260526_030917_287805,bcc/set,stress_ng_bcc_hook_hot,0,workload:stress:sockfd:ops_s,ops/s,261453.0,264212.37,1.0105539810214454,False,1,5.0,2026-05-26T03:10:12.423191+00:00
bcc_postfix_smoke_stats_off,corpus/results/x86_kvm_corpus_20260526_030917_287805,bcc/set,stress_ng_bcc_hook_hot,0,workload:stress:sockfd:ops_total_per_s,ops/s,261487.0,264257.8,1.0105963202759602,False,1,5.0,2026-05-26T03:10:12.423191+00:00
bcc_postfix_smoke_stats_off,corpus/results/x86_kvm_corpus_20260526_030917_287805,bcc/set,stress_ng_bcc_hook_hot,0,workload:stress:syscall:ops_s,ops/s,101.8,91.3,0.8968565815324165,False,1,5.0,2026-05-26T03:10:12.423191+00:00
bcc_postfix_smoke_stats_off,corpus/results/x86_kvm_corpus_20260526_030917_287805,bcc/set,stress_ng_bcc_hook_hot,0,workload:stress:syscall:ops_total_per_s,ops/s,101.78217821782178,91.29662522202487,0.896980461811723,False,1,5.0,2026-05-26T03:10:12.423191+00:00
