dataset,root,benchmark,runtime,exec_ns,ratio_to_kernel
micro_pure_jit_smoke,micro/results/x86_kvm_micro_20260526_031613_695005,simple,native,15,0.15
micro_pure_jit_smoke,micro/results/x86_kvm_micro_20260526_031613_695005,simple,kernel,100,1.0
micro_pure_jit_smoke,micro/results/x86_kvm_micro_20260526_031613_695005,simple,llvmbpf,56,0.56
micro_pure_jit_smoke,micro/results/x86_kvm_micro_20260526_031613_695005,simple_packet,native,11,0.44
micro_pure_jit_smoke,micro/results/x86_kvm_micro_20260526_031613_695005,simple_packet,kernel,25,1.0
micro_pure_jit_smoke,micro/results/x86_kvm_micro_20260526_031613_695005,simple_packet,llvmbpf,79,3.16
micro_pure_jit_smoke,micro/results/x86_kvm_micro_20260526_031613_695005,bitmap_popcount_scan,native,478,0.24934793948878456
micro_pure_jit_smoke,micro/results/x86_kvm_micro_20260526_031613_695005,bitmap_popcount_scan,kernel,1917,1.0
micro_pure_jit_smoke,micro/results/x86_kvm_micro_20260526_031613_695005,bitmap_popcount_scan,llvmbpf,540,0.28169014084507044
micro_pure_jit_smoke,micro/results/x86_kvm_micro_20260526_031613_695005,sorted_rule_binary_search,native,423,0.5171149144254279
micro_pure_jit_smoke,micro/results/x86_kvm_micro_20260526_031613_695005,sorted_rule_binary_search,kernel,818,1.0
micro_pure_jit_smoke,micro/results/x86_kvm_micro_20260526_031613_695005,sorted_rule_binary_search,llvmbpf,882,1.078239608801956
micro_pure_jit_smoke,micro/results/x86_kvm_micro_20260526_031613_695005,bcc_runqlat_log2_histogram_bucket,native,1466,0.5817460317460318
micro_pure_jit_smoke,micro/results/x86_kvm_micro_20260526_031613_695005,bcc_runqlat_log2_histogram_bucket,kernel,2520,1.0
micro_pure_jit_smoke,micro/results/x86_kvm_micro_20260526_031613_695005,bcc_runqlat_log2_histogram_bucket,llvmbpf,1157,0.4591269841269841
micro_pure_jit_smoke,micro/results/x86_kvm_micro_20260526_031613_695005,trace_event_type_switch_dispatch,native,920,0.9563409563409564
micro_pure_jit_smoke,micro/results/x86_kvm_micro_20260526_031613_695005,trace_event_type_switch_dispatch,kernel,962,1.0
micro_pure_jit_smoke,micro/results/x86_kvm_micro_20260526_031613_695005,trace_event_type_switch_dispatch,llvmbpf,610,0.6340956340956341
micro_pure_jit_smoke,micro/results/x86_kvm_micro_20260526_031613_695005,packet_checksum_fold,native,16038,0.8530397319291527
micro_pure_jit_smoke,micro/results/x86_kvm_micro_20260526_031613_695005,packet_checksum_fold,kernel,18801,1.0
micro_pure_jit_smoke,micro/results/x86_kvm_micro_20260526_031613_695005,packet_checksum_fold,llvmbpf,13327,0.7088452741875432
micro_pure_jit_smoke,micro/results/x86_kvm_micro_20260526_031613_695005,payload_prefix_memcmp_scan,native,79,0.3623853211009174
micro_pure_jit_smoke,micro/results/x86_kvm_micro_20260526_031613_695005,payload_prefix_memcmp_scan,kernel,218,1.0
micro_pure_jit_smoke,micro/results/x86_kvm_micro_20260526_031613_695005,payload_prefix_memcmp_scan,llvmbpf,118,0.5412844036697247
micro_pure_jit_smoke,micro/results/x86_kvm_micro_20260526_031613_695005,packet_vlan_tcpopt_parser,native,21,0.4375
micro_pure_jit_smoke,micro/results/x86_kvm_micro_20260526_031613_695005,packet_vlan_tcpopt_parser,kernel,48,1.0
micro_pure_jit_smoke,micro/results/x86_kvm_micro_20260526_031613_695005,packet_vlan_tcpopt_parser,llvmbpf,57,1.1875
micro_pure_jit_smoke,micro/results/x86_kvm_micro_20260526_031613_695005,bpf_local_call_fanout_dispatch,native,107,0.3614864864864865
micro_pure_jit_smoke,micro/results/x86_kvm_micro_20260526_031613_695005,bpf_local_call_fanout_dispatch,kernel,296,1.0
micro_pure_jit_smoke,micro/results/x86_kvm_micro_20260526_031613_695005,bpf_local_call_fanout_dispatch,llvmbpf,98,0.3310810810810811
micro_pure_jit_smoke,micro/results/x86_kvm_micro_20260526_031613_695005,flow_5tuple_rss_hash,native,21,0.3888888888888889
micro_pure_jit_smoke,micro/results/x86_kvm_micro_20260526_031613_695005,flow_5tuple_rss_hash,kernel,54,1.0
micro_pure_jit_smoke,micro/results/x86_kvm_micro_20260526_031613_695005,flow_5tuple_rss_hash,llvmbpf,53,0.9814814814814815
micro_pure_jit_smoke,micro/results/x86_kvm_micro_20260526_031613_695005,katran_lb_consistent_hash_select,native,39,0.609375
micro_pure_jit_smoke,micro/results/x86_kvm_micro_20260526_031613_695005,katran_lb_consistent_hash_select,kernel,64,1.0
micro_pure_jit_smoke,micro/results/x86_kvm_micro_20260526_031613_695005,katran_lb_consistent_hash_select,llvmbpf,37,0.578125
micro_pure_jit_smoke,micro/results/x86_kvm_micro_20260526_031613_695005,cilium_policy_guard_tree_filter,native,109,0.6055555555555555
micro_pure_jit_smoke,micro/results/x86_kvm_micro_20260526_031613_695005,cilium_policy_guard_tree_filter,kernel,180,1.0
micro_pure_jit_smoke,micro/results/x86_kvm_micro_20260526_031613_695005,cilium_policy_guard_tree_filter,llvmbpf,156,0.8666666666666667
micro_pure_jit_smoke,micro/results/x86_kvm_micro_20260526_031613_695005,siphash_rotate64_mixer,native,61,0.5700934579439252
micro_pure_jit_smoke,micro/results/x86_kvm_micro_20260526_031613_695005,siphash_rotate64_mixer,kernel,107,1.0
micro_pure_jit_smoke,micro/results/x86_kvm_micro_20260526_031613_695005,siphash_rotate64_mixer,llvmbpf,84,0.7850467289719626
micro_pure_jit_smoke,micro/results/x86_kvm_micro_20260526_031613_695005,packet_record_bounds_window,native,117,0.5763546798029556
micro_pure_jit_smoke,micro/results/x86_kvm_micro_20260526_031613_695005,packet_record_bounds_window,kernel,203,1.0
micro_pure_jit_smoke,micro/results/x86_kvm_micro_20260526_031613_695005,packet_record_bounds_window,llvmbpf,158,0.7783251231527094
micro_pure_jit_smoke,micro/results/x86_kvm_micro_20260526_031613_695005,flow_record_field_scan,native,114,0.7972027972027972
micro_pure_jit_smoke,micro/results/x86_kvm_micro_20260526_031613_695005,flow_record_field_scan,kernel,143,1.0
micro_pure_jit_smoke,micro/results/x86_kvm_micro_20260526_031613_695005,flow_record_field_scan,llvmbpf,154,1.0769230769230769
micro_pure_jit_smoke,micro/results/x86_kvm_micro_20260526_031613_695005,packed_header_bitfield_decode,native,285,0.8990536277602523
micro_pure_jit_smoke,micro/results/x86_kvm_micro_20260526_031613_695005,packed_header_bitfield_decode,kernel,317,1.0
micro_pure_jit_smoke,micro/results/x86_kvm_micro_20260526_031613_695005,packed_header_bitfield_decode,llvmbpf,688,2.170347003154574
micro_pure_jit_smoke,micro/results/x86_kvm_micro_20260526_031613_695005,bpftrace_string_search_prefix_scan,native,177,0.5071633237822349
micro_pure_jit_smoke,micro/results/x86_kvm_micro_20260526_031613_695005,bpftrace_string_search_prefix_scan,kernel,349,1.0
micro_pure_jit_smoke,micro/results/x86_kvm_micro_20260526_031613_695005,bpftrace_string_search_prefix_scan,llvmbpf,180,0.5157593123209169
micro_pure_jit_smoke,micro/results/x86_kvm_micro_20260526_031613_695005,tracee_syscall_name_table_lookup,native,298,0.8394366197183099
micro_pure_jit_smoke,micro/results/x86_kvm_micro_20260526_031613_695005,tracee_syscall_name_table_lookup,kernel,355,1.0
micro_pure_jit_smoke,micro/results/x86_kvm_micro_20260526_031613_695005,tracee_syscall_name_table_lookup,llvmbpf,603,1.6985915492957746
micro_pure_jit_smoke,micro/results/x86_kvm_micro_20260526_031613_695005,tracee_http_method_prefix_detect,native,67,0.5982142857142857
micro_pure_jit_smoke,micro/results/x86_kvm_micro_20260526_031613_695005,tracee_http_method_prefix_detect,kernel,112,1.0
micro_pure_jit_smoke,micro/results/x86_kvm_micro_20260526_031613_695005,tracee_http_method_prefix_detect,llvmbpf,103,0.9196428571428571
micro_pure_jit_smoke,micro/results/x86_kvm_micro_20260526_031613_695005,cilium_socket_lb_service_select,native,287,0.5562015503875969
micro_pure_jit_smoke,micro/results/x86_kvm_micro_20260526_031613_695005,cilium_socket_lb_service_select,kernel,516,1.0
micro_pure_jit_smoke,micro/results/x86_kvm_micro_20260526_031613_695005,cilium_socket_lb_service_select,llvmbpf,329,0.6375968992248062
micro_pure_jit_smoke,micro/results/x86_kvm_micro_20260526_031613_695005,bcc_tcpconnect_ipv4_tuple_filter,native,170,0.6719367588932806
micro_pure_jit_smoke,micro/results/x86_kvm_micro_20260526_031613_695005,bcc_tcpconnect_ipv4_tuple_filter,kernel,253,1.0
micro_pure_jit_smoke,micro/results/x86_kvm_micro_20260526_031613_695005,bcc_tcpconnect_ipv4_tuple_filter,llvmbpf,220,0.8695652173913043
micro_pure_jit_smoke,micro/results/x86_kvm_micro_20260526_031613_695005,tetragon_process_event_arg_filter,native,294,0.8672566371681416
micro_pure_jit_smoke,micro/results/x86_kvm_micro_20260526_031613_695005,tetragon_process_event_arg_filter,kernel,339,1.0
micro_pure_jit_smoke,micro/results/x86_kvm_micro_20260526_031613_695005,tetragon_process_event_arg_filter,llvmbpf,294,0.8672566371681416
micro_pure_jit_smoke,micro/results/x86_kvm_micro_20260526_031613_695005,otel_stack_frame_unwind_scan,native,130,0.47794117647058826
micro_pure_jit_smoke,micro/results/x86_kvm_micro_20260526_031613_695005,otel_stack_frame_unwind_scan,kernel,272,1.0
micro_pure_jit_smoke,micro/results/x86_kvm_micro_20260526_031613_695005,otel_stack_frame_unwind_scan,llvmbpf,425,1.5625
micro_pure_jit_smoke,micro/results/x86_kvm_micro_20260526_031613_695005,cilium_ct_nat_tuple_rewrite,native,144,0.5052631578947369
micro_pure_jit_smoke,micro/results/x86_kvm_micro_20260526_031613_695005,cilium_ct_nat_tuple_rewrite,kernel,285,1.0
micro_pure_jit_smoke,micro/results/x86_kvm_micro_20260526_031613_695005,cilium_ct_nat_tuple_rewrite,llvmbpf,228,0.8
micro_pure_jit_smoke,micro/results/x86_kvm_micro_20260526_031613_695005,packet_toeplitz_rss_hash,native,651,0.9923780487804879
micro_pure_jit_smoke,micro/results/x86_kvm_micro_20260526_031613_695005,packet_toeplitz_rss_hash,kernel,656,1.0
micro_pure_jit_smoke,micro/results/x86_kvm_micro_20260526_031613_695005,packet_toeplitz_rss_hash,llvmbpf,390,0.5945121951219512
micro_pure_jit_smoke,micro/results/x86_kvm_micro_20260526_031613_695005,bpftrace_comm_key_fnv_hash,native,783,0.9836683417085427
micro_pure_jit_smoke,micro/results/x86_kvm_micro_20260526_031613_695005,bpftrace_comm_key_fnv_hash,kernel,796,1.0
micro_pure_jit_smoke,micro/results/x86_kvm_micro_20260526_031613_695005,bpftrace_comm_key_fnv_hash,llvmbpf,837,1.0515075376884422
micro_pure_jit_smoke,micro/results/x86_kvm_micro_20260526_031613_695005,tc_packet_checksum_fold,native,15339,0.7318574359463715
micro_pure_jit_smoke,micro/results/x86_kvm_micro_20260526_031613_695005,tc_packet_checksum_fold,kernel,20959,1.0
micro_pure_jit_smoke,micro/results/x86_kvm_micro_20260526_031613_695005,tc_packet_checksum_fold,llvmbpf,15426,0.7360083973472017
micro_pure_jit_smoke,micro/results/x86_kvm_micro_20260526_031613_695005,cgroup_skb_hash_chain,native,296,0.8043478260869565
micro_pure_jit_smoke,micro/results/x86_kvm_micro_20260526_031613_695005,cgroup_skb_hash_chain,kernel,368,1.0
micro_pure_jit_smoke,micro/results/x86_kvm_micro_20260526_031613_695005,cgroup_skb_hash_chain,llvmbpf,410,1.1141304347826086
micro_stage2_smoke,micro/results/x86_kvm_micro_20260526_024346_831564,helper_only_uid_gid,native_kernel,48,0.8888888888888888
micro_stage2_smoke,micro/results/x86_kvm_micro_20260526_024346_831564,helper_only_uid_gid,kernel,54,1.0
micro_stage2_smoke,micro/results/x86_kvm_micro_20260526_024346_831564,helper_chain_simple,native_kernel,189,0.6038338658146964
micro_stage2_smoke,micro/results/x86_kvm_micro_20260526_024346_831564,helper_chain_simple,kernel,313,1.0
micro_stage2_smoke,micro/results/x86_kvm_micro_20260526_024346_831564,map_array_lookup,native_kernel,33,0.358695652173913
micro_stage2_smoke,micro/results/x86_kvm_micro_20260526_024346_831564,map_array_lookup,kernel,92,1.0
micro_stage2_smoke,micro/results/x86_kvm_micro_20260526_024346_831564,map_array_index_packet,native_kernel,43,0.6323529411764706
micro_stage2_smoke,micro/results/x86_kvm_micro_20260526_024346_831564,map_array_index_packet,kernel,68,1.0
micro_stage2_smoke,micro/results/x86_kvm_micro_20260526_024346_831564,map_hash_lookup,native_kernel,135,0.8083832335329342
micro_stage2_smoke,micro/results/x86_kvm_micro_20260526_024346_831564,map_hash_lookup,kernel,167,1.0
micro_stage2_smoke,micro/results/x86_kvm_micro_20260526_024346_831564,map_hash_str_key,native_kernel,129,0.7962962962962963
micro_stage2_smoke,micro/results/x86_kvm_micro_20260526_024346_831564,map_hash_str_key,kernel,162,1.0
micro_stage2_smoke,micro/results/x86_kvm_micro_20260526_024346_831564,map_percpu_array,native_kernel,36,0.36
micro_stage2_smoke,micro/results/x86_kvm_micro_20260526_024346_831564,map_percpu_array,kernel,100,1.0
micro_stage2_smoke,micro/results/x86_kvm_micro_20260526_024346_831564,map_lru_hash_counter,native_kernel,289,0.8450292397660819
micro_stage2_smoke,micro/results/x86_kvm_micro_20260526_024346_831564,map_lru_hash_counter,kernel,342,1.0
micro_stage2_smoke,micro/results/x86_kvm_micro_20260526_024346_831564,map_percpu_hash_counter,native_kernel,120,0.7643312101910829
micro_stage2_smoke,micro/results/x86_kvm_micro_20260526_024346_831564,map_percpu_hash_counter,kernel,157,1.0
micro_stage2_smoke,micro/results/x86_kvm_micro_20260526_024346_831564,combined_helper_map,native_kernel,54,0.46153846153846156
micro_stage2_smoke,micro/results/x86_kvm_micro_20260526_024346_831564,combined_helper_map,kernel,117,1.0
micro_stage2_smoke,micro/results/x86_kvm_micro_20260526_024346_831564,multi_map_policy,native_kernel,143,0.6033755274261603
micro_stage2_smoke,micro/results/x86_kvm_micro_20260526_024346_831564,multi_map_policy,kernel,237,1.0
micro_stage2_smoke,micro/results/x86_kvm_micro_20260526_024346_831564,packet_5tuple_classify,native_kernel,142,0.7473684210526316
micro_stage2_smoke,micro/results/x86_kvm_micro_20260526_024346_831564,packet_5tuple_classify,kernel,190,1.0
micro_stage2_smoke,micro/results/x86_kvm_micro_20260526_024346_831564,stats_mixed_helpers,native_kernel,319,1.1771217712177122
micro_stage2_smoke,micro/results/x86_kvm_micro_20260526_024346_831564,stats_mixed_helpers,kernel,271,1.0
