program_id	pass_index	pc	source	ptr_reg	ptr_root_pc	ptr_def_pc	mem_off	dependent_load_depth	hint
83	0	16	map-value	0	13	13	8	0	default
83	0	19	map-value	0	13	13	0	0	default
83	0	367	map-value	0	365	365	0	0	default
83	0	373	map-value	0	365	365	8	0	default
83	0	466	map-value	0	464	464	0	0	default
83	0	472	map-value	0	464	464	8	0	default
83	0	524	map-value	0	520	520	0	0	default
83	0	543	map-value	0	541	541	0	0	default
83	0	548	map-value	8	547	547	0	0	default
83	0	553	map-value	8	547	547	4	0	default
83	0	572	map-value	0	570	570	0	0	default
83	0	594	map-value	0	592	592	0	0	default
83	0	602	map-value	0	592	592	8	0	default
83	0	618	map-value	0	616	616	0	0	default
83	0	624	map-value	0	616	616	8	0	default
83	0	656	map-value	0	654	654	0	0	default
83	0	662	map-value	0	654	654	8	0	default
83	0	775	map-value	0	770	770	0	0	default
83	0	795	map-value	0	793	793	0	0	default
83	0	800	map-value	8	799	799	0	0	default
83	0	805	map-value	8	799	799	4	0	default
83	0	825	map-value	0	823	823	0	0	default
83	0	846	map-value	0	844	844	0	0	default
83	0	853	map-value	0	844	844	8	0	default
83	0	992	map-value	0	863	863	8	0	default
83	0	1026	map-value	0	1025	1025	8	0	default
83	0	1046	map-value	2	1043	1043	0	0	default
83	0	1060	map-value	7	1057	1057	8	0	default
83	0	1088	map-value	0	1086	1086	0	0	default
83	0	1092	map-value	7	1057	1057	0	0	default
83	0	1117	map-value	0	1113	1113	8	0	default
83	0	1121	map-value	0	1113	1113	0	0	default
83	0	1130	map-value	0	1128	1128	8	0	default
83	0	1134	map-value	0	1128	1128	0	0	default
83	0	1140	map-value	1	1139	1139	16	0	default
83	0	1159	map-value	6	1158	1158	0	0	default
83	0	1160	map-value	6	1158	1158	1	0	default
83	0	1161	map-value	6	1158	1158	2	0	default
83	0	1162	map-value	6	1158	1158	3	0	default
83	0	1163	map-value	6	1158	1158	4	0	default
83	0	1164	map-value	6	1158	1158	5	0	default
83	0	1230	map-value	0	1229	1229	0	0	default
83	0	1250	map-value	7	1247	1247	8	0	default
83	0	1260	map-value	7	1247	1247	0	0	default
83	0	1266	map-value	1	1265	1265	0	0	default
83	0	1284	map-value	1	1283	1283	4	0	default
83	0	1294	map-value	0	1292	1292	0	0	default
83	0	1324	map-value	1	1323	1323	0	0	default
83	0	1353	map-value	0	1351	1351	0	0	default
83	0	1356	map-value	0	1351	1351	4	0	default
83	0	1359	map-value	0	1351	1351	8	0	default
83	0	1362	map-value	0	1351	1351	12	0	default
83	0	1372	map-value	0	1351	1351	16	0	default
83	0	1383	map-value	0	1381	1381	0	0	default
83	0	1387	map-value	1	1386	1386	8	0	default
83	0	1417	map-value	7	1416	1416	0	0	default
83	0	1419	map-value	7	1416	1416	1	0	default
83	0	1420	map-value	7	1416	1416	2	0	default
83	0	1421	map-value	7	1416	1416	3	0	default
83	0	1422	map-value	7	1416	1416	4	0	default
83	0	1423	map-value	7	1416	1416	5	0	default
83	0	1448	map-value	3	1447	1447	0	0	default
83	0	1516	map-value	0	1514	1514	0	0	default
83	0	1553	map-value	0	1550	1550	8	0	default
83	0	1556	map-value	0	1550	1550	0	0	default
83	0	1563	map-value	8	927	927	16	0	default
83	0	1566	map-value	8	927	927	0	0	default
83	0	1575	map-value	0	1573	1573	0	0	default
83	0	1580	map-value	2	1579	1579	80	0	default
83	0	1584	map-value	8	896	896	8	0	default
83	0	1595	map-value	0	1593	1593	0	0	default
83	0	1638	map-value	7	1635	1635	8	0	default
83	0	1661	map-value	2	1660	1660	88	0	default
83	0	1672	map-value	0	1670	1670	8	0	default
83	0	1694	map-value	0	1692	1692	0	0	default
83	0	1707	map-value	8	896	896	16	0	default
83	0	1710	map-value	8	896	896	0	0	default
83	0	1720	map-value	8	1713	1713	0	0	default
83	0	1732	map-value	8	1727	1727	8	0	default
83	0	1739	map-value	8	1727	1727	0	0	default
83	0	1764	map-value	8	1761	1761	8	0	default
83	0	1791	map-value	0	1789	1789	0	0	default
83	0	1795	map-value	8	1761	1761	0	0	default
83	0	1819	map-value	0	1815	1815	8	0	default
83	0	1822	map-value	0	1815	1815	0	0	default
83	0	1831	map-value	0	1829	1829	8	0	default
83	0	1834	map-value	0	1829	1829	0	0	default
83	0	1840	map-value	1	1839	1839	16	0	default
83	0	1859	map-value	6	1858	1858	0	0	default
83	0	1860	map-value	6	1858	1858	1	0	default
83	0	1861	map-value	6	1858	1858	2	0	default
83	0	1862	map-value	6	1858	1858	3	0	default
83	0	1863	map-value	6	1858	1858	4	0	default
83	0	1864	map-value	6	1858	1858	5	0	default
83	0	1936	map-value	0	1935	1935	0	0	default
83	0	1955	map-value	7	1951	1951	8	0	default
83	0	1964	map-value	7	1951	1951	0	0	default
83	0	1971	map-value	1	1970	1970	0	0	default
83	0	1987	map-value	1	1986	1986	4	0	default
83	0	1997	map-value	0	1995	1995	0	0	default
83	0	2035	map-value	1	2034	2034	0	0	default
83	0	2068	map-value	0	2062	2062	0	0	default
83	0	2070	map-value	0	2062	2062	16	0	default
83	0	2081	map-value	0	2079	2079	0	0	default
83	0	2085	map-value	1	2084	2084	8	0	default
83	0	2114	map-value	3	2113	2113	0	0	default
83	0	2116	map-value	3	2113	2113	1	0	default
83	0	2118	map-value	3	2113	2113	2	0	default
83	0	2119	map-value	3	2113	2113	3	0	default
83	0	2120	map-value	3	2113	2113	4	0	default
83	0	2121	map-value	3	2113	2113	5	0	default
83	0	2147	map-value	3	2146	2146	0	0	default
83	0	2234	map-value	0	2232	2232	0	0	default
83	0	2238	map-value	8	896	896	80	0	default
83	0	2242	map-value	7	1635	1635	0	0	default
83	0	2248	map-value	2	2247	2247	96	0	default
83	0	2251	map-value	8	927	927	32	0	default
83	0	2267	map-value	7	2264	2264	8	0	default
83	0	2289	map-value	8	896	896	88	0	default
83	0	2300	map-value	0	2298	2298	8	0	default
83	0	2304	map-value	7	2264	2264	0	0	default
83	0	2309	map-value	8	896	896	96	0	default
83	0	2312	map-value	8	896	896	32	0	default
83	0	22	packet	8	2	2	12	0	default
83	0	23	packet	8	2	2	13	0	default
83	0	46	packet	7	30	30	14	0	default
83	0	49	packet	7	30	30	15	0	default
83	0	51	packet	7	30	30	23	0	default
83	0	53	packet	7	30	30	20	0	default
83	0	57	packet	7	30	30	16	0	default
83	0	59	packet	7	30	30	26	0	default
83	0	61	packet	7	30	30	30	0	default
83	0	69	packet	3	30	43	0	0	default
83	0	169	packet	7	153	153	20	0	default
83	0	171	packet	7	153	153	14	0	default
83	0	174	packet	7	153	153	15	0	default
83	0	179	packet	7	153	153	18	0	default
83	0	182	packet	7	153	153	34	0	default
83	0	184	packet	7	153	153	30	0	default
83	0	187	packet	7	153	153	26	0	default
83	0	189	packet	7	153	153	22	0	default
83	0	192	packet	7	153	153	50	0	default
83	0	194	packet	7	153	153	46	0	default
83	0	197	packet	7	153	153	38	0	default
83	0	198	packet	7	153	153	42	0	default
83	0	209	packet	3	153	166	0	0	default
83	0	215	packet	7	153	153	26	0	default
83	0	216	packet	7	153	153	30	0	default
83	0	218	packet	7	153	153	16	0	default
83	0	219	packet	7	153	153	14	0	default
83	0	221	packet	7	153	153	18	0	default
83	0	224	packet	7	153	153	20	0	default
83	0	226	packet	7	153	153	22	0	default
83	0	228	packet	7	153	153	26	0	default
83	0	230	packet	7	153	153	28	0	default
83	0	232	packet	7	153	153	30	0	default
83	0	234	packet	7	153	153	32	0	default
83	0	310	packet	3	153	166	0	0	default
83	0	320	packet	3	30	43	0	0	default
83	0	326	packet	7	30	30	26	0	default
83	0	327	packet	7	30	30	30	0	default
83	0	329	packet	7	30	30	14	0	default
83	0	331	packet	7	30	30	18	0	default
83	0	335	packet	7	30	30	22	0	default
83	0	337	packet	7	30	30	26	0	default
83	0	339	packet	7	30	30	28	0	default
83	0	341	packet	7	30	30	30	0	default
83	0	343	packet	7	30	30	32	0	default
83	0	370	packet	7	153	153	58	0	default
83	0	381	packet	7	153	153	68	0	default
83	0	386	packet	7	153	153	90	0	default
83	0	388	packet	7	153	153	86	0	default
83	0	391	packet	7	153	153	98	0	default
83	0	393	packet	7	153	153	94	0	default
83	0	396	packet	7	153	153	74	0	default
83	0	398	packet	7	153	153	70	0	default
83	0	401	packet	7	153	153	78	0	default
83	0	402	packet	7	153	153	82	0	default
83	0	422	packet	4	153	415	12	0	default
83	0	428	packet	4	153	415	12	0	default
83	0	434	packet	4	153	415	0	0	default
83	0	436	packet	4	153	415	2	0	default
83	0	450	packet	3	153	443	0	0	default
83	0	452	packet	3	153	443	2	0	default
83	0	454	packet	7	153	153	55	0	default
83	0	469	packet	7	153	153	60	0	default
83	0	484	packet	7	153	153	71	0	default
83	0	489	packet	7	153	153	78	0	default
83	0	491	packet	7	153	153	74	0	default
83	0	494	packet	4	153	415	2	0	default
83	0	496	packet	4	153	415	0	0	default
83	0	498	packet	3	153	443	2	0	default
83	0	500	packet	3	153	443	0	0	default
83	0	597	packet	7	153	153	55	0	default
83	0	606	packet	7	30	30	35	0	default
83	0	621	packet	7	30	30	40	0	default
83	0	637	packet	7	30	30	51	0	default
83	0	642	packet	7	30	30	58	0	default
83	0	644	packet	7	30	30	54	0	default
83	0	659	packet	7	30	30	38	0	default
83	0	673	packet	7	30	30	48	0	default
83	0	678	packet	7	30	30	78	0	default
83	0	680	packet	7	30	30	74	0	default
83	0	683	packet	7	30	30	70	0	default
83	0	685	packet	7	30	30	66	0	default
83	0	688	packet	7	30	30	58	0	default
83	0	690	packet	7	30	30	62	0	default
83	0	692	packet	7	30	30	50	0	default
83	0	694	packet	7	30	30	54	0	default
83	0	713	packet	4	30	706	12	0	default
83	0	719	packet	4	30	706	12	0	default
83	0	726	packet	4	30	706	0	0	default
83	0	728	packet	4	30	706	2	0	default
83	0	742	packet	3	30	735	0	0	default
83	0	744	packet	3	30	735	2	0	default
83	0	746	packet	4	30	706	2	0	default
83	0	748	packet	4	30	706	0	0	default
83	0	750	packet	3	30	735	2	0	default
83	0	752	packet	3	30	735	0	0	default
83	0	849	packet	7	30	30	35	0	default
83	0	875	packet	7	153	870	8	0	default
83	0	885	packet	7	153	870	13	0	default
83	0	908	packet	7	30	903	8	0	default
83	0	918	packet	7	30	903	13	0	default
